Promotion,Emplyee name Retrenchment,find duplicate,,,,,,,,,,,,,,
Adelaide L Harrop,Abbey Schindler,N,,,,,,,,,,,,,,
Aiko Blossom,Abe J Macleod,N,,,,,,,,,,,,,,
Alexis Q Grose,Abe Morales,N,,,,,,,,,,,,,,
Aliza X Sammons,Abe X Paro,N,,,,,,,,,,,,,,
America V Lobel,Abram Q Keffer,N,,,,,,,,,,,,,,
Amiee Z Chaffins,Abram S Manrique,N,,,,,,,,,,,,,,
Andrew Detweiler,Adalberto W Creek,N,,,,,,,,,,,,,,
Brendon E Mone,Adam B Katzer,N,,,,,,,,,,,,,,
Buck H Rancourt,Adelaide L Harrop,N,,,,,,,,,,,,,,
Candelaria Zajicek,Adele M Burnam,N,,,,,,,,,,,,,,
Carlotta T Ryles,Adelia Abbas,N,,,,,,,,,,,,,,
Carmelia E Bergeron,Adelia U Villagomez,N,,,,,,,,,,,,,,
Carolin T Loya,Adell W Trower,N,,,,,,,,,,,,,,
Carolynn V Moynihan,Adella U Foushee,N,,,,,,,,,,,,,,
Cecily D Houser,Adelle E Brunner,N,,,,,,,,,,,,,,
Celine Baskin,Adria M Melendrez,N,,,,,,,,,,,,,,
Christie Rodger,Adriana O Medved,N,,,,,,,,,,,,,,
Clemente S Wiechmann,Agnes Blow,N,,,,,,,,,,,,,,
Deanna P Scoggin,Agnes D Doud,N,,,,,,,,,,,,,,
Detra D Rymer,Ahmad V Lynde,N,,,,,,,,,,,,,,
Devin Hales,Ahmed C Minch,N,,,,,,,,,,,,,,
Dulce E Grizzard,Ahmed I Strope,N,,,,,,,,,,,,,,
Edmund Mcclung,Ahmed V Lease,N,,,,,,,,,,,,,,
Elsy B Latta,Aiko Blossom,N,,,,,,,,,,,,,,
Fernando S Korhonen,Aileen F Hiltz,N,,,,,,,,,,,,,,
Garnett Dryer,Aileen Hiltz,N,,,,,,,,,,,,,,
Garrett S Nolette,Akiko S Godby,N,,,,,,,,,,,,,,
Inocencia Z Buteau,Al Fegley,N,,,,,,,,,,,,,,
Jamaal Z Resto,Alanna L Tyrell,N,,,,,,,,,,,,,,
Jamel Meaney,Albert Z Dunford,N,,,,,,,,,,,,,,
Janie P Caswell,Alda F Penning,N,,,,,,,,,,,,,,
Jayson S Carrol,Alden Cauley,N,,,,,,,,,,,,,,
Jeff E Lucero,Alden Y Cauley,N,,,,,,,,,,,,,,
Jeneva Y Bybee,Alease Lander,N,,,,,,,,,,,,,,
Jerlene P Dunnigan,Alease Y Lander,N,,,,,,,,,,,,,,
Jolanda Dewees,Alec Mcnees,N,,,,,,,,,,,,,,
Jon Arvizu,Aleisha H Mathew,N,,,,,,,,,,,,,,
Jon Behler,Alesia B Bear,N,,,,,,,,,,,,,,
Jordan Phu,Alexis C Amaral,N,,,,,,,,,,,,,,
Julius Q Stock,Alexis D Bonelli,N,,,,,,,,,,,,,,
Kaye Tubbs,Alexis Q Grose,N,,,,,,,,,,,,,,
Keira Y Till,Alfonzo Knupp,N,,,,,,,,,,,,,,
Ken X Weisberg,Alfred L Strausbaugh,N,,,,,,,,,,,,,,
Kendrick C Burchette,Alina L Prowell,N,,,,,,,,,,,,,,
Kenton Q Villalta,Alise Baltzell,N,,,,,,,,,,,,,,
Kylie K Freda,Alise O Baltzell,N,,,,,,,,,,,,,,
Larry K Mash,Alisha D Coppock,N,,,,,,,,,,,,,,
Laurena P Caston,Aliza X Sammons,N,,,,,,,,,,,,,,
Loren H Mckenzie,Allen L Vachon,N,,,,,,,,,,,,,,
Mack L Lykes,Allene T Lepe,N,,,,,,,,,,,,,,
Mauricio I Streets,Alline V Kushner,N,,,,,,,,,,,,,,
Maximina K Frates,Allyn O Farrior,N,,,,,,,,,,,,,,
Narcisa C Rayburn,Allyson I Ours,N,,,,,,,,,,,,,,
Nettie T Mccandless,Almeda M Dunford,N,,,,,,,,,,,,,,
Patria D Riedel,Alonzo W Stanford,N,,,,,,,,,,,,,,
Reinaldo G Castellanos,Alphonso Laffoon,N,,,,,,,,,,,,,,
Renaldo K Cheatham,Alphonso U Laffoon,N,,,,,,,,,,,,,,
Scott D Torrey,Alysia Basil,N,,,,,,,,,,,,,,
Sheryll X Broadbent,Amada J Knouse,N,,,,,,,,,,,,,,
Stephan Q Ranger,Amado C Bonet,N,,,,,,,,,,,,,,
Stewart Mazurek,Amelia H Burbank,N,,,,,,,,,,,,,,
Susana H Hooks,America V Lobel,N,,,,,,,,,,,,,,
Taneka Q Church,Amiee Z Chaffins,N,,,,,,,,,,,,,,
Taylor Thill,Analisa X Birdsell,N,,,,,,,,,,,,,,
Therese Q Belden,Andre Q Maxon,N,,,,,,,,,,,,,,
Tiny Q Llanos,Andrea Rhymes,N,,,,,,,,,,,,,,
Toney W Bollman,Andreas L Kennard,N,,,,,,,,,,,,,,
Toya B Rawlins,Andreas T Viles,N,,,,,,,,,,,,,,
Valene Z Woodmansee,Andres P Towles,N,,,,,,,,,,,,,,
Vaughn Garica,Andres S Garner,N,,,,,,,,,,,,,,
Vernell X Amado,Andrew D Hersey,N,,,,,,,,,,,,,,
Walton S Keim,Andrew Detweiler,N,,,,,,,,,,,,,,
Abbey Schindler,Andrew P Detweiler,N,,,,,,,,,,,,,,
Abe J Macleod,Andria Z Reza,N,,,,,,,,,,,,,,
Abe Morales,Angel F Palomino,N,,,,,,,,,,,,,,
Abe X Paro,Angel Ferebee,N,,,,,,,,,,,,,,
Abram Q Keffer,Angela P Lorenzen,N,,,,,,,,,,,,,,
Abram S Manrique,Angelo B Fitzmaurice,N,,,,,,,,,,,,,,
Adalberto W Creek,Anibal F Pieper,N,,,,,,,,,,,,,,
Adam B Katzer,Anisha Jasmin,N,,,,,,,,,,,,,,
Adele M Burnam,Annabelle E Encinas,N,,,,,,,,,,,,,,
Adelia Abbas,Annette Jolin,N,,,,,,,,,,,,,,
Adelia U Villagomez,Antone Polston,N,,,,,,,,,,,,,,
Adell W Trower,Antone W Polston,N,,,,,,,,,,,,,,
Adella U Foushee,Archie Blair,N,,,,,,,,,,,,,,
Adelle E Brunner,Arden B Fujita,N,,,,,,,,,,,,,,
Adria M Melendrez,Arlen F Maly,N,,,,,,,,,,,,,,
Adriana O Medved,Arlen Joly,N,,,,,,,,,,,,,,
Agnes Blow,Arlen M Joly,N,,,,,,,,,,,,,,
Agnes D Doud,Arlen Z Vanslyke,N,,,,,,,,,,,,,,
Ahmad V Lynde,Armando H Seaborn,N,,,,,,,,,,,,,,
Ahmed C Minch,Armida Bridwell,N,,,,,,,,,,,,,,
Ahmed I Strope,Arnoldo D Mckeen,N,,,,,,,,,,,,,,
Ahmed V Lease,Aron Durante,N,,,,,,,,,,,,,,
Aileen F Hiltz,Arron R Vegas,N,,,,,,,,,,,,,,
Aileen Hiltz,Arturo N Halvorsen,N,,,,,,,,,,,,,,
Akiko S Godby,Asa E Kunze,N,,,,,,,,,,,,,,
Al Fegley,Ashanti R Swim,N,,,,,,,,,,,,,,
Alanna L Tyrell,Ashlie G Cadena,N,,,,,,,,,,,,,,
Albert Z Dunford,Asley F Mcewan,N,,,,,,,,,,,,,,
Alda F Penning,Astrid Marinelli,N,,,,,,,,,,,,,,
Alden Cauley,Astrid R Marinelli,N,,,,,,,,,,,,,,
Alden Y Cauley,Asuncion X Braunstein,N,,,,,,,,,,,,,,
Alease Lander,Audrea B Prather,N,,,,,,,,,,,,,,
Alease Y Lander,Audrea K Papineau,N,,,,,,,,,,,,,,
Alec Mcnees,Audria W Barrios,N,,,,,,,,,,,,,,
Aleisha H Mathew,Audrie X Mccammon,N,,,,,,,,,,,,,,
Alesia B Bear,August C Navarette,N,,,,,,,,,,,,,,
Alexis C Amaral,August C Strother,N,,,,,,,,,,,,,,
Alexis D Bonelli,August F Dones,N,,,,,,,,,,,,,,
Alfonzo Knupp,Augusta G Kircher,N,,,,,,,,,,,,,,
Alfred L Strausbaugh,Aundrea W Lundberg,N,,,,,,,,,,,,,,
Alina L Prowell,Aurelio K Wyckoff,N,,,,,,,,,,,,,,
Alise Baltzell,Austin Janney,N,,,,,,,,,,,,,,
Alise O Baltzell,Ayako Bachmann,N,,,,,,,,,,,,,,
Alisha D Coppock,Ayako L Bachmann,N,,,,,,,,,,,,,,
Allen L Vachon,Barak Sali,N,,,,,,,,,,,,,,
Allene T Lepe,Barrie Collman,N,,,,,,,,,,,,,,
Alline V Kushner,Barrie E Collman,N,,,,,,,,,,,,,,
Allyn O Farrior,Bart B Gilcrease,N,,,,,,,,,,,,,,
Allyson I Ours,Beatrice A Knopf,N,,,,,,,,,,,,,,
Almeda M Dunford,Beatrice Coen,N,,,,,,,,,,,,,,
Alonzo W Stanford,Beatrice T Coen,N,,,,,,,,,,,,,,
Alphonso Laffoon,Bell N Molinaro,N,,,,,,,,,,,,,,
Alphonso U Laffoon,Belva Fitzwater,N,,,,,,,,,,,,,,
Alysia Basil,Ben Gigliotti,N,,,,,,,,,,,,,,
Amada J Knouse,Ben Lagrange,N,,,,,,,,,,,,,,
Amado C Bonet,Ben N Lamson,N,,,,,,,,,,,,,,
Amelia H Burbank,Ben U Gigliotti,N,,,,,,,,,,,,,,
Analisa X Birdsell,Benedict B Wix,N,,,,,,,,,,,,,,
Andre Q Maxon,Benedict U Daye,N,,,,,,,,,,,,,,
Andrea Rhymes,Bennie E Manfredi,N,,,,,,,,,,,,,,
Andreas L Kennard,Benny S Brinker,N,,,,,,,,,,,,,,
Andreas T Viles,Berna Z Stoller,N,,,,,,,,,,,,,,
Andres P Towles,Bernard A Harbert,N,,,,,,,,,,,,,,
Andres S Garner,Bernard Harbert,N,,,,,,,,,,,,,,
Andrew D Hersey,Bernard N Weatherly,N,,,,,,,,,,,,,,
Andrew P Detweiler,Bernarda E Gervais,N,,,,,,,,,,,,,,
Andria Z Reza,Bernardina X Roesch,N,,,,,,,,,,,,,,
Angel F Palomino,Bernardo I Garzon,N,,,,,,,,,,,,,,
Angel Ferebee,Bernardo X Barbee,N,,,,,,,,,,,,,,
Angela P Lorenzen,Bernie M Kish,N,,,,,,,,,,,,,,
Angelo B Fitzmaurice,Bert Q Lauritzen,N,,,,,,,,,,,,,,
Anibal F Pieper,Bert S Kinkade,N,,,,,,,,,,,,,,
Anisha Jasmin,Bertha E Harbison,N,,,,,,,,,,,,,,
Annabelle E Encinas,Beryl Helsel,N,,,,,,,,,,,,,,
Annette Jolin,Bethann Marini,N,,,,,,,,,,,,,,
Antone Polston,Bill Tarkington,N,,,,,,,,,,,,,,
Antone W Polston,Billie Liang,N,,,,,,,,,,,,,,
Archie Blair,Birdie Savoy,N,,,,,,,,,,,,,,
Arden B Fujita,Blanch Y Mysliwiec,N,,,,,,,,,,,,,,
Arlen F Maly,Bo E Curlee,N,,,,,,,,,,,,,,
Arlen Joly,Bobbie P Chumley,N,,,,,,,,,,,,,,
Arlen M Joly,Bobbie Q Holbrook,N,,,,,,,,,,,,,,
Arlen Z Vanslyke,Bobbie S Miner,N,,,,,,,,,,,,,,
Armando H Seaborn,Bobbie X Schoenrock,N,,,,,,,,,,,,,,
Armida Bridwell,Bong M Alvares,N,,,,,,,,,,,,,,
Arnoldo D Mckeen,Bonny Poor,N,,,,,,,,,,,,,,
Aron Durante,Bonny S Poor,N,,,,,,,,,,,,,,
Arron R Vegas,Boris A Mccown,N,,,,,,,,,,,,,,
Arturo N Halvorsen,Brad I Pattison,N,,,,,,,,,,,,,,
Asa E Kunze,Bradford K Marlatt,N,,,,,,,,,,,,,,
Ashanti R Swim,Brande Sevier,N,,,,,,,,,,,,,,
Ashlie G Cadena,Brendon E Mone,N,,,,,,,,,,,,,,
Asley F Mcewan,Brendon J Camp,N,,,,,,,,,,,,,,
Astrid Marinelli,Brendon V Crowther,N,,,,,,,,,,,,,,
Astrid R Marinelli,Brent U Perlman,N,,,,,,,,,,,,,,
Asuncion X Braunstein,Brenton U Boyett,N,,,,,,,,,,,,,,
Audrea B Prather,Bret C Delancey,N,,,,,,,,,,,,,,
Audrea K Papineau,Brett Z Vadnais,N,,,,,,,,,,,,,,
Audria W Barrios,Bridget D Spadaro,N,,,,,,,,,,,,,,
Audrie X Mccammon,Bridget Rake,N,,,,,,,,,,,,,,
August C Navarette,Brigitte D Fendley,N,,,,,,,,,,,,,,
August C Strother,Britt P Shivers,N,,,,,,,,,,,,,,
August F Dones,Britt Shivers,N,,,,,,,,,,,,,,
Augusta G Kircher,Bruna R Welke,N,,,,,,,,,,,,,,
Aundrea W Lundberg,Bryan J Stampley,N,,,,,,,,,,,,,,
Aurelio K Wyckoff,Bryan V Guyton,N,,,,,,,,,,,,,,
Austin Janney,Bryanna Pyron,N,,,,,,,,,,,,,,
Ayako Bachmann,Bryant L Kinsman,N,,,,,,,,,,,,,,
Ayako L Bachmann,Bryce B Edens,N,,,,,,,,,,,,,,
Barak Sali,Buck H Rancourt,N,,,,,,,,,,,,,,
Barrie Collman,Buck Rancourt,N,,,,,,,,,,,,,,
Barrie E Collman,Bud Kistner,N,,,,,,,,,,,,,,
Bart B Gilcrease,Bud L Lofgren,N,,,,,,,,,,,,,,
Beatrice A Knopf,Bud Lofgren,N,,,,,,,,,,,,,,
Beatrice Coen,Buddy G Steinbeck,N,,,,,,,,,,,,,,
Beatrice T Coen,Buddy W Lofgren,N,,,,,,,,,,,,,,
Bell N Molinaro,Buford Q Giancola,N,,,,,,,,,,,,,,
Belva Fitzwater,Bula Reich,N,,,,,,,,,,,,,,
Ben Gigliotti,Burton C Jin,N,,,,,,,,,,,,,,
Ben Lagrange,Caleb Luther,N,,,,,,,,,,,,,,
Ben N Lamson,Cameron A Chamberland,N,,,,,,,,,,,,,,
Ben U Gigliotti,Cameron Chamberland,N,,,,,,,,,,,,,,
Benedict B Wix,Cameron K Gratton,N,,,,,,,,,,,,,,
Benedict U Daye,Candelaria Q Zajicek,N,,,,,,,,,,,,,,
Bennie E Manfredi,Candelaria Zajicek,N,,,,,,,,,,,,,,
Benny S Brinker,Carey J Sandlin,N,,,,,,,,,,,,,,
Berna Z Stoller,Carey N Mccready,N,,,,,,,,,,,,,,
Bernard A Harbert,Carl M Paddock,N,,,,,,,,,,,,,,
Bernard Harbert,Carlo B Ali,N,,,,,,,,,,,,,,
Bernard N Weatherly,Carlos Banh,N,,,,,,,,,,,,,,
Bernarda E Gervais,Carlotta T Ryles,N,,,,,,,,,,,,,,
Bernardina X Roesch,Carlton P Bose,N,,,,,,,,,,,,,,
Bernardo I Garzon,Carlton P Mahurin,N,,,,,,,,,,,,,,
Bernardo X Barbee,Carly L Sirianni,N,,,,,,,,,,,,,,
Bernie M Kish,Carmelia E Bergeron,N,,,,,,,,,,,,,,
Bert Q Lauritzen,Carmelia R Lattimer,N,,,,,,,,,,,,,,
Bert S Kinkade,Carmen F Barret,N,,,,,,,,,,,,,,
Bertha E Harbison,Carmen U Benbow,N,,,,,,,,,,,,,,
Beryl Helsel,Carmon A Howlett,N,,,,,,,,,,,,,,
Bethann Marini,Carolin T Loya,N,,,,,,,,,,,,,,
Bill Tarkington,Carolina B Pasillas,N,,,,,,,,,,,,,,
Billie Liang,Carolynn V Moynihan,N,,,,,,,,,,,,,,
Birdie Savoy,Carrol Arend,N,,,,,,,,,,,,,,
Blanch Y Mysliwiec,Carrol O Arend,N,,,,,,,,,,,,,,
Bo E Curlee,Carter B Hilderbrand,N,,,,,,,,,,,,,,
Bobbie P Chumley,Carter C Hunt,N,,,,,,,,,,,,,,
Bobbie Q Holbrook,Casey D Krier,N,,,,,,,,,,,,,,
Bobbie S Miner,Cassaundra K Polito,N,,,,,,,,,,,,,,
Bobbie X Schoenrock,Cayla Mealy,N,,,,,,,,,,,,,,
Bong M Alvares,Cecil Teixeira,N,,,,,,,,,,,,,,
Bonny Poor,Cecily D Houser,N,,,,,,,,,,,,,,
Bonny S Poor,Cedric N Cavallo,N,,,,,,,,,,,,,,
Boris A Mccown,Cedrick Engelhardt,N,,,,,,,,,,,,,,
Brad I Pattison,Cedrick K Engelhardt,N,,,,,,,,,,,,,,
Bradford K Marlatt,Cedrick M Cordle,N,,,,,,,,,,,,,,
Brande Sevier,Celesta L Reeser,N,,,,,,,,,,,,,,
Brendon J Camp,Celestine H Alderson,N,,,,,,,,,,,,,,
Brendon V Crowther,Celinda C Magruder,N,,,,,,,,,,,,,,
Brent U Perlman,Celine Baskin,N,,,,,,,,,,,,,,
Brenton U Boyett,Chadwick I Hargreaves,N,,,,,,,,,,,,,,
Bret C Delancey,Charity N Denman,N,,,,,,,,,,,,,,
Brett Z Vadnais,Charles S Nicholes,N,,,,,,,,,,,,,,
Bridget D Spadaro,Charlie Moxley,N,,,,,,,,,,,,,,
Bridget Rake,Charlie V Koeller,N,,,,,,,,,,,,,,
Brigitte D Fendley,Chase J Paradise,N,,,,,,,,,,,,,,
Britt P Shivers,Chase Paradise,N,,,,,,,,,,,,,,
Britt Shivers,Chase T Scurry,N,,,,,,,,,,,,,,
Bruna R Welke,Chau R Barron,N,,,,,,,,,,,,,,
Bryan J Stampley,Chauncey Southerland,N,,,,,,,,,,,,,,
Bryan V Guyton,Chaya W Caudle,N,,,,,,,,,,,,,,
Bryanna Pyron,Chere Patchett,N,,,,,,,,,,,,,,
Bryant L Kinsman,Cheree Lusk,N,,,,,,,,,,,,,,
Bryce B Edens,Chester N Sitz,N,,,,,,,,,,,,,,
Buck Rancourt,Chi S Clopton,N,,,,,,,,,,,,,,
Bud Kistner,Ching D Applegate,N,,,,,,,,,,,,,,
Bud L Lofgren,Chris Braggs,N,,,,,,,,,,,,,,
Bud Lofgren,Chrissy H Edmonson,N,,,,,,,,,,,,,,
Buddy G Steinbeck,Christena Kratz,N,,,,,,,,,,,,,,
Buddy W Lofgren,Christene Blakemore,N,,,,,,,,,,,,,,
Buford Q Giancola,Christene F Blakemore,N,,,,,,,,,,,,,,
Bula Reich,Christene L Mccaleb,N,,,,,,,,,,,,,,
Burton C Jin,Christi H Amaker,N,,,,,,,,,,,,,,
Caleb Luther,Christie Rodger,N,,,,,,,,,,,,,,
Cameron A Chamberland,Christoper K Manzano,N,,,,,,,,,,,,,,
Cameron Chamberland,Chung J Moynihan,N,,,,,,,,,,,,,,
Cameron K Gratton,Cicely W Colton,N,,,,,,,,,,,,,,
Candelaria Q Zajicek,Cindie T Madden,N,,,,,,,,,,,,,,
Carey J Sandlin,Clara B Sifuentes,N,,,,,,,,,,,,,,
Carey N Mccready,Clarence Hinkson,N,,,,,,,,,,,,,,
Carl M Paddock,Clarence J Hinkson,N,,,,,,,,,,,,,,
Carlo B Ali,Claretta D Wingert,N,,,,,,,,,,,,,,
Carlos Banh,Clark Spence,N,,,,,,,,,,,,,,
Carlton P Bose,Claudio Q Bien,N,,,,,,,,,,,,,,
Carlton P Mahurin,Clemente S Wiechmann,N,,,,,,,,,,,,,,
Carly L Sirianni,Clemmie F Montague,N,,,,,,,,,,,,,,
Carmelia R Lattimer,Cleveland A Zinke,N,,,,,,,,,,,,,,
Carmen F Barret,Cleveland Franko,N,,,,,,,,,,,,,,
Carmen U Benbow,Cleveland W Franko,N,,,,,,,,,,,,,,
Carmon A Howlett,Cliff Skipworth,N,,,,,,,,,,,,,,
Carolina B Pasillas,Clint Q Orear,N,,,,,,,,,,,,,,
Carrol Arend,Clint Q Strayhorn,N,,,,,,,,,,,,,,
Carrol O Arend,Clint Strayhorn,N,,,,,,,,,,,,,,
Carter B Hilderbrand,Clinton Tschida,N,,,,,,,,,,,,,,
Carter C Hunt,Clotilde Mason,N,,,,,,,,,,,,,,
Casey D Krier,Clotilde X Mason,N,,,,,,,,,,,,,,
Cassaundra K Polito,Clyde P Ponton,N,,,,,,,,,,,,,,
Cayla Mealy,Cole Dellinger,N,,,,,,,,,,,,,,
Cecil Teixeira,Cole M Dellinger,N,,,,,,,,,,,,,,
Cedric N Cavallo,Cole N Poling,N,,,,,,,,,,,,,,
Cedrick Engelhardt,Colin V Likens,N,,,,,,,,,,,,,,
Cedrick K Engelhardt,Colleen B Lenihan,N,,,,,,,,,,,,,,
Cedrick M Cordle,Colton B Salzman,N,,,,,,,,,,,,,,
Celesta L Reeser,Colton Salzman,N,,,,,,,,,,,,,,
Celestine H Alderson,Conrad R Saito,N,,,,,,,,,,,,,,
Celinda C Magruder,Conrad Saito,N,,,,,,,,,,,,,,
Chadwick I Hargreaves,Cordell M Tweedy,N,,,,,,,,,,,,,,
Charity N Denman,Cordell Riche,N,,,,,,,,,,,,,,
Charles S Nicholes,Cordia M Knopp,N,,,,,,,,,,,,,,
Charlie Moxley,Corey F Stowe,N,,,,,,,,,,,,,,
Charlie V Koeller,Corina U Korhonen,N,,,,,,,,,,,,,,
Chase J Paradise,Cortez F Espiritu,N,,,,,,,,,,,,,,
Chase Paradise,Coy I Gentner,N,,,,,,,,,,,,,,
Chase T Scurry,Cristal Q Kucharski,N,,,,,,,,,,,,,,
Chau R Barron,Cristi T Clem,N,,,,,,,,,,,,,,
Chauncey Southerland,Crystal Comes,N,,,,,,,,,,,,,,
Chaya W Caudle,Crystal U Comes,N,,,,,,,,,,,,,,
Chere Patchett,Curtis E Quayle,N,,,,,,,,,,,,,,
Cheree Lusk,Cyndy Ary,N,,,,,,,,,,,,,,
Chester N Sitz,Cyndy H Ary,N,,,,,,,,,,,,,,
Chi S Clopton,Cythia I Stecker,N,,,,,,,,,,,,,,
Ching D Applegate,Daina U Ledet,N,,,,,,,,,,,,,,
Chris Braggs,Dale Childers,N,,,,,,,,,,,,,,
Chrissy H Edmonson,Dale E Childers,N,,,,,,,,,,,,,,
Christena Kratz,Damian F Mcgaughey,N,,,,,,,,,,,,,,
Christene Blakemore,Damian X Grist,N,,,,,,,,,,,,,,
Christene F Blakemore,Damien A Izquierdo,N,,,,,,,,,,,,,,
Christene L Mccaleb,Dane Lawrence,N,,,,,,,,,,,,,,
Christi H Amaker,Danette A Kuykendall,N,,,,,,,,,,,,,,
Christoper K Manzano,Daniel L Nava,N,,,,,,,,,,,,,,
Chung J Moynihan,Danilo Hammes,N,,,,,,,,,,,,,,
Cicely W Colton,Danilo S Hammes,N,,,,,,,,,,,,,,
Cindie T Madden,Darcel P Burford,N,,,,,,,,,,,,,,
Clara B Sifuentes,Darin Keitt,N,,,,,,,,,,,,,,
Clarence Hinkson,Darin U Shipp,N,,,,,,,,,,,,,,
Clarence J Hinkson,Darren U Shoulders,N,,,,,,,,,,,,,,
Claretta D Wingert,Darron Tittle,N,,,,,,,,,,,,,,
Clark Spence,Darwin W Lemoine,N,,,,,,,,,,,,,,
Claudio Q Bien,Davida A Funkhouser,N,,,,,,,,,,,,,,
Clemmie F Montague,Davis Z Gaylor,N,,,,,,,,,,,,,,
Cleveland A Zinke,Dawna T Woodbury,N,,,,,,,,,,,,,,
Cleveland Franko,Dawne Y Gardner,N,,,,,,,,,,,,,,
Cleveland W Franko,Dayna M Edmondson,N,,,,,,,,,,,,,,
Cliff Skipworth,Deandre U Groleau,N,,,,,,,,,,,,,,
Clint Q Orear,Deane I Keown,N,,,,,,,,,,,,,,
Clint Q Strayhorn,Deanna P Scoggin,N,,,,,,,,,,,,,,
Clint Strayhorn,Debbie C Lipsey,N,,,,,,,,,,,,,,
Clinton Tschida,Debrah X Flury,N,,,,,,,,,,,,,,
Clotilde Mason,Dee Joslyn,N,,,,,,,,,,,,,,
Clotilde X Mason,Deeanna E Cluck,N,,,,,,,,,,,,,,
Clyde P Ponton,Delana I Selfridge,N,,,,,,,,,,,,,,
Cole Dellinger,Delana Y Freedman,N,,,,,,,,,,,,,,
Cole M Dellinger,Delfina O Day,N,,,,,,,,,,,,,,
Cole N Poling,Delphine P Carpio,N,,,,,,,,,,,,,,
Colin V Likens,Delsie R Tennison,N,,,,,,,,,,,,,,
Colleen B Lenihan,Demarcus Recio,N,,,,,,,,,,,,,,
Colton B Salzman,Denis T Yelle,N,,,,,,,,,,,,,,
Colton Salzman,Denis Y Fehr,N,,,,,,,,,,,,,,
Conrad R Saito,Dennis K Cayer,N,,,,,,,,,,,,,,
Conrad Saito,Deon U Mounce,N,,,,,,,,,,,,,,
Cordell M Tweedy,Derick A Macey,N,,,,,,,,,,,,,,
Cordell Riche,Derrick Culbreth,N,,,,,,,,,,,,,,
Cordia M Knopp,Deshawn O Mankin,N,,,,,,,,,,,,,,
Corey F Stowe,Desirae D Ginn,N,,,,,,,,,,,,,,
Corina U Korhonen,Desirae Ginn,N,,,,,,,,,,,,,,
Cortez F Espiritu,Desiree L Sobel,N,,,,,,,,,,,,,,
Coy I Gentner,Detra D Rymer,N,,,,,,,,,,,,,,
Cristal Q Kucharski,Devin Hales,N,,,,,,,,,,,,,,
Cristi T Clem,Devin U Hales,N,,,,,,,,,,,,,,
Crystal Comes,Dewayne X Groom,N,,,,,,,,,,,,,,
Crystal U Comes,Dian I Peachey,N,,,,,,,,,,,,,,
Curtis E Quayle,Digna Q Eck,N,,,,,,,,,,,,,,
Cyndy Ary,Dion K Taylor,N,,,,,,,,,,,,,,
Cyndy H Ary,Dion Taylor,N,,,,,,,,,,,,,,
Cythia I Stecker,Don Southwick,N,,,,,,,,,,,,,,
Daina U Ledet,Donald H Mazur,N,,,,,,,,,,,,,,
Dale Childers,Donald P Phaneuf,N,,,,,,,,,,,,,,
Dale E Childers,Dong B Sturdevant,N,,,,,,,,,,,,,,
Damian F Mcgaughey,Dong Sturdevant,N,,,,,,,,,,,,,,
Damian X Grist,Donna R Woodrum,N,,,,,,,,,,,,,,
Damien A Izquierdo,Donnell Babbitt,N,,,,,,,,,,,,,,
Dane Lawrence,Donte H Granger,N,,,,,,,,,,,,,,
Danette A Kuykendall,Donya G Rodden,N,,,,,,,,,,,,,,
Daniel L Nava,Dorethea U Engram,N,,,,,,,,,,,,,,
Danilo Hammes,Doria Z Crouse,N,,,,,,,,,,,,,,
Danilo S Hammes,Dorla G Westberry,N,,,,,,,,,,,,,,
Darcel P Burford,Dorothea J Canterbury,N,,,,,,,,,,,,,,
Darin Keitt,Dorothy Gard,N,,,,,,,,,,,,,,
Darin U Shipp,Dorothy Q Gard,N,,,,,,,,,,,,,,
Darren U Shoulders,Dortha Z Harty,N,,,,,,,,,,,,,,
Darron Tittle,Dottie D Hagaman,N,,,,,,,,,,,,,,
Darwin W Lemoine,Dottie Hagaman,N,,,,,,,,,,,,,,
Davida A Funkhouser,Doug B Southwick,N,,,,,,,,,,,,,,
Davis Z Gaylor,Douglas Cull,N,,,,,,,,,,,,,,
Dawna T Woodbury,Dovie F Larue,N,,,,,,,,,,,,,,
Dawne Y Gardner,Dovie Nickerson,N,,,,,,,,,,,,,,
Dayna M Edmondson,Dovie U Nickerson,N,,,,,,,,,,,,,,
Deandre U Groleau,Doyle Grindstaff,N,,,,,,,,,,,,,,
Deane I Keown,Doyle N Utter,N,,,,,,,,,,,,,,
Debbie C Lipsey,Doyle T Grindstaff,N,,,,,,,,,,,,,,
Debrah X Flury,Doyle Utter,N,,,,,,,,,,,,,,
Dee Joslyn,Drucilla Simkins,N,,,,,,,,,,,,,,
Deeanna E Cluck,Dudley G Slocum,N,,,,,,,,,,,,,,
Delana I Selfridge,Dudley Slocum,N,,,,,,,,,,,,,,
Delana Y Freedman,Dulce E Grizzard,N,,,,,,,,,,,,,,
Delfina O Day,Dulce Grizzard,N,,,,,,,,,,,,,,
Delphine P Carpio,Duncan O Maheu,N,,,,,,,,,,,,,,
Delsie R Tennison,Dustin Y Espey,N,,,,,,,,,,,,,,
Demarcus Recio,Dusty L Kugler,N,,,,,,,,,,,,,,
Denis T Yelle,Dwain O Upham,N,,,,,,,,,,,,,,
Denis Y Fehr,Dwain Upham,N,,,,,,,,,,,,,,
Dennis K Cayer,Dwayne Marker,N,,,,,,,,,,,,,,
Deon U Mounce,Dwayne W Marker,N,,,,,,,,,,,,,,
Derick A Macey,Earlean Funke,N,,,,,,,,,,,,,,
Derrick Culbreth,Earlean Y Funke,N,,,,,,,,,,,,,,
Deshawn O Mankin,Earnest H Birkholz,N,,,,,,,,,,,,,,
Desirae D Ginn,Eartha Z Oceguera,N,,,,,,,,,,,,,,
Desirae Ginn,Ed Shockley,N,,,,,,,,,,,,,,
Desiree L Sobel,Ed X Shockley,N,,,,,,,,,,,,,,
Devin U Hales,Eda O Brase,N,,,,,,,,,,,,,,
Dewayne X Groom,Edgar Teer,N,,,,,,,,,,,,,,
Dian I Peachey,Edmund K Masuda,N,,,,,,,,,,,,,,
Digna Q Eck,Edmund Mcclung,N,,,,,,,,,,,,,,
Dion K Taylor,Edmundo R Rew,N,,,,,,,,,,,,,,
Dion Taylor,Edra M Guthrie,N,,,,,,,,,,,,,,
Don Southwick,Effie Jelinek,N,,,,,,,,,,,,,,
Donald H Mazur,Efrain L Wass,N,,,,,,,,,,,,,,
Donald P Phaneuf,Efrain Moats,N,,,,,,,,,,,,,,
Dong B Sturdevant,Efren G Ager,N,,,,,,,,,,,,,,
Dong Sturdevant,Ela K Hames,N,,,,,,,,,,,,,,
Donna R Woodrum,Eladia A Braggs,N,,,,,,,,,,,,,,
Donnell Babbitt,Elaine B Randazzo,N,,,,,,,,,,,,,,
Donte H Granger,Eldridge B Bose,N,,,,,,,,,,,,,,
Donya G Rodden,Eldridge Bose,N,,,,,,,,,,,,,,
Dorethea U Engram,Eldridge M Benningfield,N,,,,,,,,,,,,,,
Doria Z Crouse,Eleanor D Dickson,N,,,,,,,,,,,,,,
Dorla G Westberry,Eleanora Farthing,N,,,,,,,,,,,,,,
Dorothea J Canterbury,Elease H Burger,N,,,,,,,,,,,,,,
Dorothy Gard,Elenor B Gibbs,N,,,,,,,,,,,,,,
Dorothy Q Gard,Elenora S Whitehill,N,,,,,,,,,,,,,,
Dortha Z Harty,Elenora V Halley,N,,,,,,,,,,,,,,
Dottie D Hagaman,Eleonora Pollard,N,,,,,,,,,,,,,,
Dottie Hagaman,Eleonora S Pollard,N,,,,,,,,,,,,,,
Doug B Southwick,Elias Pinkard,N,,,,,,,,,,,,,,
Douglas Cull,Elias Y Pinkard,N,,,,,,,,,,,,,,
Dovie F Larue,Elijah P Elkin,N,,,,,,,,,,,,,,
Dovie Nickerson,Elijah X Ahmad,N,,,,,,,,,,,,,,
Dovie U Nickerson,Eliz R Linneman,N,,,,,,,,,,,,,,
Doyle Grindstaff,Elliott Chess,N,,,,,,,,,,,,,,
Doyle N Utter,Ellis J Mccune,N,,,,,,,,,,,,,,
Doyle T Grindstaff,Ellis V Mcneel,N,,,,,,,,,,,,,,
Doyle Utter,Elmo G Pagano,N,,,,,,,,,,,,,,
Drucilla Simkins,Elois Z Ono,N,,,,,,,,,,,,,,
Dudley G Slocum,Eloise Demoss,N,,,,,,,,,,,,,,
Dudley Slocum,Eloise Z Demoss,N,,,,,,,,,,,,,,
Dulce Grizzard,Elroy Kimbler,N,,,,,,,,,,,,,,
Duncan O Maheu,Elroy L Shorts,N,,,,,,,,,,,,,,
Dustin Y Espey,Elroy N Kimbler,N,,,,,,,,,,,,,,
Dusty L Kugler,Elsie S Depaz,N,,,,,,,,,,,,,,
Dwain O Upham,Elsy B Latta,N,,,,,,,,,,,,,,
Dwain Upham,Elsy Beyer,N,,,,,,,,,,,,,,
Dwayne Marker,Elvis J Stroh,N,,,,,,,,,,,,,,
Dwayne W Marker,Elvis Stroh,N,,,,,,,,,,,,,,
Earlean Funke,Elvis Veiga,N,,,,,,,,,,,,,,
Earlean Y Funke,Elwood T More,N,,,,,,,,,,,,,,
Earnest H Birkholz,Emeline I Richer,N,,,,,,,,,,,,,,
Eartha Z Oceguera,Emery P Sorrells,N,,,,,,,,,,,,,,
Ed Shockley,Emiko Z Lolley,N,,,,,,,,,,,,,,
Ed X Shockley,Emile Aponte,N,,,,,,,,,,,,,,
Eda O Brase,Emma Dice,N,,,,,,,,,,,,,,
Edgar Teer,Emma Monti,N,,,,,,,,,,,,,,
Edmund K Masuda,Emma X Monti,N,,,,,,,,,,,,,,
Edmundo R Rew,Emmanuel G Chamorro,N,,,,,,,,,,,,,,
Edra M Guthrie,Emmitt X Plante,N,,,,,,,,,,,,,,
Effie Jelinek,Employees,N,,,,,,,,,,,,,,
Efrain L Wass,Ena Mullins,N,,,,,,,,,,,,,,
Efrain Moats,Ena Thor,N,,,,,,,,,,,,,,
Efren G Ager,Enda Kirchner,N,,,,,,,,,,,,,,
Ela K Hames,Eric C Irvine,N,,,,,,,,,,,,,,
Eladia A Braggs,Erica S Harlan,N,,,,,,,,,,,,,,
Elaine B Randazzo,Erik W Steffen,N,,,,,,,,,,,,,,
Eldridge B Bose,Erin K Stclair,N,,,,,,,,,,,,,,
Eldridge Bose,Erin L Jasmin,N,,,,,,,,,,,,,,
Eldridge M Benningfield,Ernestine E Fludd,N,,,,,,,,,,,,,,
Eleanor D Dickson,Ernestine Fludd,N,,,,,,,,,,,,,,
Eleanora Farthing,Esmeralda N Veliz,N,,,,,,,,,,,,,,
Elease H Burger,Estella E Miley,N,,,,,,,,,,,,,,
Elenor B Gibbs,Etsuko O Wilmot,N,,,,,,,,,,,,,,
Elenora S Whitehill,Ettie S Stilwell,N,,,,,,,,,,,,,,
Elenora V Halley,Eveline B Strecker,N,,,,,,,,,,,,,,
Eleonora Pollard,Evon Q Lawson,N,,,,,,,,,,,,,,
Eleonora S Pollard,Ewa B Staples,N,,,,,,,,,,,,,,
Elias Pinkard,Exie C Bradham,N,,,,,,,,,,,,,,
Elias Y Pinkard,Ezequiel N Shell,N,,,,,,,,,,,,,,
Elijah P Elkin,Ezra Calvert,N,,,,,,,,,,,,,,
Elijah X Ahmad,Fabian Say,N,,,,,,,,,,,,,,
Eliz R Linneman,Faustino Scheffel,N,,,,,,,,,,,,,,
Elliott Chess,Fawn Buckman,N,,,,,,,,,,,,,,
Ellis J Mccune,Fe A Schrock,N,,,,,,,,,,,,,,
Ellis V Mcneel,Federico B Edmond,N,,,,,,,,,,,,,,
Elmo G Pagano,Federico Edmond,N,,,,,,,,,,,,,,
Elois Z Ono,Federico I Carlile,N,,,,,,,,,,,,,,
Eloise Demoss,Felisha Q Ettinger,N,,,,,,,,,,,,,,
Eloise Z Demoss,Felix S Croker,N,,,,,,,,,,,,,,
Elroy Kimbler,Femi Grek,N,,,,,,,,,,,,,,
Elroy L Shorts,Ferdinand Ramsdell,N,,,,,,,,,,,,,,
Elroy N Kimbler,Fermin L Zapata,N,,,,,,,,,,,,,,
Elsie S Depaz,Fernando Korhonen,N,,,,,,,,,,,,,,
Elsy Beyer,Fernando S Korhonen,N,,,,,,,,,,,,,,
Elvis J Stroh,Forest Z Blewett,N,,,,,,,,,,,,,,
Elvis Stroh,Forest Z Hacker,N,,,,,,,,,,,,,,
Elvis Veiga,Forrest Q Zell,N,,,,,,,,,,,,,,
Elwood T More,Francis O Encarnacion,N,,,,,,,,,,,,,,
Emeline I Richer,Frank O Mallon,N,,,,,,,,,,,,,,
Emery P Sorrells,Frankie I Speed,N,,,,,,,,,,,,,,
Emiko Z Lolley,Franklyn V Hummell,N,,,,,,,,,,,,,,
Emile Aponte,Freddie C Headen,N,,,,,,,,,,,,,,
Emma Dice,Freddy A Rolling,N,,,,,,,,,,,,,,
Emma Monti,Freddy Rolling,N,,,,,,,,,,,,,,
Emma X Monti,Fredericka J Varney,N,,,,,,,,,,,,,,
Emmanuel G Chamorro,Gabriel E Pearsall,N,,,,,,,,,,,,,,
Emmitt X Plante,Gabriel S Beale,N,,,,,,,,,,,,,,
Employees,Galina G Woodbury,N,,,,,,,,,,,,,,
Ena Mullins,Garland J Verville,N,,,,,,,,,,,,,,
Ena Thor,Garland Z Leavell,N,,,,,,,,,,,,,,
Enda Kirchner,Garnett Dryer,N,,,,,,,,,,,,,,
Eric C Irvine,Garret Flakes,N,,,,,,,,,,,,,,
Erica S Harlan,Garrett Nolette,N,,,,,,,,,,,,,,
Erik W Steffen,Garrett S Nolette,N,,,,,,,,,,,,,,
Erin K Stclair,Gavin V Mckillip,N,,,,,,,,,,,,,,
Erin L Jasmin,Gearldine Stolte,N,,,,,,,,,,,,,,
Ernestine E Fludd,Gema S Grover,N,,,,,,,,,,,,,,
Ernestine Fludd,Gemma I Chilton,N,,,,,,,,,,,,,,
Esmeralda N Veliz,Genaro Lukasik,N,,,,,,,,,,,,,,
Estella E Miley,George U Clouser,N,,,,,,,,,,,,,,
Etsuko O Wilmot,Georgiann C Harrell,N,,,,,,,,,,,,,,
Ettie S Stilwell,Georgiann Harrell,N,,,,,,,,,,,,,,
Eveline B Strecker,Gerardo Q Bergen,N,,,,,,,,,,,,,,
Evon Q Lawson,Geri M Tuthill,N,,,,,,,,,,,,,,
Ewa B Staples,Gerry D Woolery,N,,,,,,,,,,,,,,
Exie C Bradham,Gerry Harvey,N,,,,,,,,,,,,,,
Ezequiel N Shell,Gerry X Koh,N,,,,,,,,,,,,,,
Ezra Calvert,Gertrud B Glidden,N,,,,,,,,,,,,,,
Fabian Say,Gertrud Glidden,N,,,,,,,,,,,,,,
Faustino Scheffel,Gia M Casas,N,,,,,,,,,,,,,,
Fawn Buckman,Gidget X Loring,N,,,,,,,,,,,,,,
Fe A Schrock,Gilbert M Wolfgram,N,,,,,,,,,,,,,,
Federico B Edmond,Gilbert Z Bloss,N,,,,,,,,,,,,,,
Federico Edmond,Gilberto U Greaves,N,,,,,,,,,,,,,,
Federico I Carlile,Giovanna M Clift,N,,,,,,,,,,,,,,
Felisha Q Ettinger,Giuseppe D Chouinard,N,,,,,,,,,,,,,,
Felix S Croker,Giuseppina Dagostino,N,,,,,,,,,,,,,,
Femi Grek,Giuseppina E Fink,N,,,,,,,,,,,,,,
Ferdinand Ramsdell,Giuseppina N Dagostino,N,,,,,,,,,,,,,,
Fermin L Zapata,Glady Q Kump,N,,,,,,,,,,,,,,
Fernando Korhonen,Glenn N Vinyard,N,,,,,,,,,,,,,,
Forest Z Blewett,Glenn Vinyard,N,,,,,,,,,,,,,,
Forest Z Hacker,Gracie P Lett,N,,,,,,,,,,,,,,
Forrest Q Zell,Grady Y Perera,N,,,,,,,,,,,,,,
Francis O Encarnacion,Graham O Romeo,N,,,,,,,,,,,,,,
Frank O Mallon,Gregorio H Hottinger,N,,,,,,,,,,,,,,
Frankie I Speed,Gregory I Kidwell,N,,,,,,,,,,,,,,
Franklyn V Hummell,Grisel R Whitty,N,,,,,,,,,,,,,,
Freddie C Headen,Grisel Sutton,N,,,,,,,,,,,,,,
Freddy A Rolling,Grover Mcgahey,N,,,,,,,,,,,,,,
Freddy Rolling,Guillermo X Schwan,N,,,,,,,,,,,,,,
Fredericka J Varney,Gustavo F Rouse,N,,,,,,,,,,,,,,
Gabriel E Pearsall,Guy S Troy,N,,,,,,,,,,,,,,
Gabriel S Beale,Gwyn E Etzel,N,,,,,,,,,,,,,,
Galina G Woodbury,Gwyn Etzel,N,,,,,,,,,,,,,,
Garland J Verville,Gwyn I Parish,N,,,,,,,,,,,,,,
Garland Z Leavell,Gwyn N Mitzel,N,,,,,,,,,,,,,,
Garret Flakes,Hai Y Arden,N,,,,,,,,,,,,,,
Garrett Nolette,Hal K Kells,N,,,,,,,,,,,,,,
Gavin V Mckillip,Hal Kells,N,,,,,,,,,,,,,,
Gearldine Stolte,Haley G Bova,N,,,,,,,,,,,,,,
Gema S Grover,Hannah K Ma,N,,,,,,,,,,,,,,
Gemma I Chilton,Hans G Koh,N,,,,,,,,,,,,,,
Genaro Lukasik,Harland S Renshaw,N,,,,,,,,,,,,,,
George U Clouser,Harriett A Mccurry,N,,,,,,,,,,,,,,
Georgiann C Harrell,Hassan Radabaugh,N,,,,,,,,,,,,,,
Georgiann Harrell,Hayden E Novack,N,,,,,,,,,,,,,,
Gerardo Q Bergen,Hayden J Jang,N,,,,,,,,,,,,,,
Geri M Tuthill,Heath Aikin,N,,,,,,,,,,,,,,
Gerry D Woolery,Heath Fell,N,,,,,,,,,,,,,,
Gerry Harvey,Heath K Fell,N,,,,,,,,,,,,,,
Gerry X Koh,Herb B Irving,N,,,,,,,,,,,,,,
Gertrud B Glidden,Heriberto Rollo,N,,,,,,,,,,,,,,
Gertrud Glidden,Heriberto Starkey,N,,,,,,,,,,,,,,
Gia M Casas,Heriberto Y Starkey,N,,,,,,,,,,,,,,
Gidget X Loring,Herlinda U Negron,N,,,,,,,,,,,,,,
Gilbert M Wolfgram,Hermila X Crosslin,N,,,,,,,,,,,,,,
Gilbert Z Bloss,Hester B Cabana,N,,,,,,,,,,,,,,
Gilberto U Greaves,Hettie S Lauber,N,,,,,,,,,,,,,,
Giovanna M Clift,Hiram K Stokely,N,,,,,,,,,,,,,,
Giuseppe D Chouinard,Holley M Cathcart,N,,,,,,,,,,,,,,
Giuseppina Dagostino,Holli G Ethridge,N,,,,,,,,,,,,,,
Giuseppina E Fink,Hollis Z Carr,N,,,,,,,,,,,,,,
Giuseppina N Dagostino,Homer Hollowell,N,,,,,,,,,,,,,,
Glady Q Kump,Honey D Eaves,N,,,,,,,,,,,,,,
Glenn N Vinyard,Hong M Townson,N,,,,,,,,,,,,,,
Glenn Vinyard,Horace Hobart,N,,,,,,,,,,,,,,
Gracie P Lett,Horacio S Salazar,N,,,,,,,,,,,,,,
Grady Y Perera,Hosea B Michelson,N,,,,,,,,,,,,,,
Graham O Romeo,Houston K Joe,N,,,,,,,,,,,,,,
Gregorio H Hottinger,Hoyt O Reiss,N,,,,,,,,,,,,,,
Gregory I Kidwell,Hubert L Kirkland,N,,,,,,,,,,,,,,
Grisel R Whitty,Hugh N Chavira,N,,,,,,,,,,,,,,
Grisel Sutton,Hui Bizzell,N,,,,,,,,,,,,,,
Grover Mcgahey,Hui E Bizzell,N,,,,,,,,,,,,,,
Guillermo X Schwan,Hung H Nicola,N,,,,,,,,,,,,,,
Gustavo F Rouse,Hyun M Gloss,N,,,,,,,,,,,,,,
Guy S Troy,Hyun Z Bynoe,N,,,,,,,,,,,,,,
Gwyn E Etzel,Iliana Fogle,N,,,,,,,,,,,,,,
Gwyn Etzel,Iliana M Fogle,N,,,,,,,,,,,,,,
Gwyn I Parish,Ilse X Harr,N,,,,,,,,,,,,,,
Gwyn N Mitzel,Ingeborg Z Weisser,N,,,,,,,,,,,,,,
Hai Y Arden,Inger Gillan,N,,,,,,,,,,,,,,
Hal K Kells,Inocencia Z Buteau,N,,,,,,,,,,,,,,
Hal Kells,Irene Ellerbee,N,,,,,,,,,,,,,,
Haley G Bova,Irving C Pillar,N,,,,,,,,,,,,,,
Hannah K Ma,Irwin River,N,,,,,,,,,,,,,,
Hans G Koh,Isaac O Dempster,N,,,,,,,,,,,,,,
Harland S Renshaw,Isaac Tsan,N,,,,,,,,,,,,,,
Harriett A Mccurry,Isabella X Russell,N,,,,,,,,,,,,,,
Hassan Radabaugh,Isaiah G Parrish,N,,,,,,,,,,,,,,
Hayden E Novack,Isaiah Y Magwood,N,,,,,,,,,,,,,,
Hayden J Jang,Isiah S Coppock,N,,,,,,,,,,,,,,
Heath Aikin,Isiah Wilkie,N,,,,,,,,,,,,,,
Heath Fell,Isis F Hash,N,,,,,,,,,,,,,,
Heath K Fell,Isis N Rufus,N,,,,,,,,,,,,,,
Herb B Irving,Isobel K Dance,N,,,,,,,,,,,,,,
Heriberto Rollo,Israel T Hertzler,N,,,,,,,,,,,,,,
Heriberto Starkey,Isreal F Metoyer,N,,,,,,,,,,,,,,
Heriberto Y Starkey,Isreal Metoyer,N,,,,,,,,,,,,,,
Herlinda U Negron,Ivan A Groner,N,,,,,,,,,,,,,,
Hermila X Crosslin,Izetta B Alford,N,,,,,,,,,,,,,,
Hester B Cabana,Izola E Ye,N,,,,,,,,,,,,,,
Hettie S Lauber,Jacinda X Michalec,N,,,,,,,,,,,,,,
Hiram K Stokely,Jacinta Y Cheney,N,,,,,,,,,,,,,,
Holley M Cathcart,Jack J Warfel,N,,,,,,,,,,,,,,
Holli G Ethridge,Jack Partin,N,,,,,,,,,,,,,,
Hollis Z Carr,Jackie P Montague,N,,,,,,,,,,,,,,
Homer Hollowell,Jackie Sachs,N,,,,,,,,,,,,,,
Honey D Eaves,Jae B Isabell,N,,,,,,,,,,,,,,
Hong M Townson,Jaleesa I Averett,N,,,,,,,,,,,,,,
Horace Hobart,Jamaal Resto,N,,,,,,,,,,,,,,
Horacio S Salazar,Jamaal Z Resto,N,,,,,,,,,,,,,,
Hosea B Michelson,Jamal G Dimarco,N,,,,,,,,,,,,,,
Houston K Joe,Jamel Meaney,N,,,,,,,,,,,,,,
Hoyt O Reiss,Jamey S Seim,N,,,,,,,,,,,,,,
Hubert L Kirkland,Jamison Crutchfield,N,,,,,,,,,,,,,,
Hugh N Chavira,Jamison U Crutchfield,N,,,,,,,,,,,,,,
Hui Bizzell,Janean A Tyler,N,,,,,,,,,,,,,,
Hui E Bizzell,Janessa M Drennen,N,,,,,,,,,,,,,,
Hung H Nicola,Janie P Caswell,N,,,,,,,,,,,,,,
Hyun M Gloss,Jaquelyn C Holzman,N,,,,,,,,,,,,,,
Hyun Z Bynoe,Jarred C Class,N,,,,,,,,,,,,,,
Iliana Fogle,Jarred Class,N,,,,,,,,,,,,,,
Iliana M Fogle,Jason V Gravois,N,,,,,,,,,,,,,,
Ilse X Harr,Jasper P Barnaby,N,,,,,,,,,,,,,,
Ingeborg Z Weisser,Jayme B Shimer,N,,,,,,,,,,,,,,
Inger Gillan,Jayson S Carrol,N,,,,,,,,,,,,,,
Irene Ellerbee,Jazmin Wheless,N,,,,,,,,,,,,,,
Irving C Pillar,Jc Meyers,N,,,,,,,,,,,,,,
Irwin River,Jc S Meyers,N,,,,,,,,,,,,,,
Isaac O Dempster,Jeanetta N Norden,N,,,,,,,,,,,,,,
Isaac Tsan,Jeanna U Li,N,,,,,,,,,,,,,,
Isabella X Russell,Jeff E Lucero,N,,,,,,,,,,,,,,
Isaiah G Parrish,Jeff Mallon,N,,,,,,,,,,,,,,
Isaiah Y Magwood,Jeff W Zacarias,N,,,,,,,,,,,,,,
Isiah S Coppock,Jefferey Folkerts,N,,,,,,,,,,,,,,
Isiah Wilkie,Jefferson N Thurman,N,,,,,,,,,,,,,,
Isis F Hash,Jeffery A Brafford,N,,,,,,,,,,,,,,
Isis N Rufus,Jeffrey Berg,N,,,,,,,,,,,,,,
Isobel K Dance,Jenell S Sauers,N,,,,,,,,,,,,,,
Israel T Hertzler,Jeneva Y Bybee,N,,,,,,,,,,,,,,
Isreal F Metoyer,Jennefer Ours,N,,,,,,,,,,,,,,
Isreal Metoyer,Jenni Olguin,N,,,,,,,,,,,,,,
Ivan A Groner,Jennifer Z Pridgen,N,,,,,,,,,,,,,,
Izetta B Alford,Jeramy F Metoyer,N,,,,,,,,,,,,,,
Izola E Ye,Jeramy T Londono,N,,,,,,,,,,,,,,
Jacinda X Michalec,Jeremiah Harriss,N,,,,,,,,,,,,,,
Jacinta Y Cheney,Jeremiah N Curran,N,,,,,,,,,,,,,,
Jack J Warfel,Jeremy Belew,N,,,,,,,,,,,,,,
Jack Partin,Jerlene P Dunnigan,N,,,,,,,,,,,,,,
Jackie P Montague,Jerome P Whitefield,N,,,,,,,,,,,,,,
Jackie Sachs,Jerome Spangler,N,,,,,,,,,,,,,,
Jae B Isabell,Jerome Whitefield,N,,,,,,,,,,,,,,
Jaleesa I Averett,Jerrell Mcfarlin,N,,,,,,,,,,,,,,
Jamaal Resto,Jerri Dunkle,N,,,,,,,,,,,,,,
Jamal G Dimarco,Jesus E Mclelland,N,,,,,,,,,,,,,,
Jamey S Seim,Jesus H Guillen,N,,,,,,,,,,,,,,
Jamison Crutchfield,Jesus Tafolla,N,,,,,,,,,,,,,,
Jamison U Crutchfield,Jewel R Willhite,N,,,,,,,,,,,,,,
Janean A Tyler,Jillian Harry,N,,,,,,,,,,,,,,
Janessa M Drennen,Jim J Lurie,N,,,,,,,,,,,,,,
Jaquelyn C Holzman,Jimmie A Rorie,N,,,,,,,,,,,,,,
Jarred C Class,Jimmie Esqueda,N,,,,,,,,,,,,,,
Jarred Class,Jimmie F Vasquez,N,,,,,,,,,,,,,,
Jason V Gravois,Jimmy Canaday,N,,,,,,,,,,,,,,
Jasper P Barnaby,Joanie N Folkerts,N,,,,,,,,,,,,,,
Jayme B Shimer,Joanna Deforest,N,,,,,,,,,,,,,,
Jazmin Wheless,Joanna H Deforest,N,,,,,,,,,,,,,,
Jc Meyers,Joanna M Sandefur,N,,,,,,,,,,,,,,
Jc S Meyers,Joannie E Wolters,N,,,,,,,,,,,,,,
Jeanetta N Norden,Joaquin Vaz,N,,,,,,,,,,,,,,
Jeanna U Li,Jocelyn Q Scotti,N,,,,,,,,,,,,,,
Jeff Mallon,Jody K Rude,N,,,,,,,,,,,,,,
Jeff W Zacarias,Jody Slavens,N,,,,,,,,,,,,,,
Jefferey Folkerts,Joel S Maine,N,,,,,,,,,,,,,,
Jefferson N Thurman,Joesph Y Shrout,N,,,,,,,,,,,,,,
Jeffery A Brafford,Johnie Centers,N,,,,,,,,,,,,,,
Jeffrey Berg,Johnie V Centers,N,,,,,,,,,,,,,,
Jenell S Sauers,Jolanda Dewees,N,,,,,,,,,,,,,,
Jennefer Ours,Jolanda L Dewees,N,,,,,,,,,,,,,,
Jenni Olguin,Joleen H Chea,N,,,,,,,,,,,,,,
Jennifer Z Pridgen,Joline Frisby,N,,,,,,,,,,,,,,
Jeramy F Metoyer,Jon Arvizu,N,,,,,,,,,,,,,,
Jeramy T Londono,Jon Behler,N,,,,,,,,,,,,,,
Jeremiah Harriss,Jong Borchers,N,,,,,,,,,,,,,,
Jeremiah N Curran,Jong U Borchers,N,,,,,,,,,,,,,,
Jeremy Belew,Jordan D Phu,N,,,,,,,,,,,,,,
Jerome P Whitefield,Jordan Phu,N,,,,,,,,,,,,,,
Jerome Spangler,Jorge R Coghlan,N,,,,,,,,,,,,,,
Jerome Whitefield,Jose P Tubbs,N,,,,,,,,,,,,,,
Jerrell Mcfarlin,Josette Betancourt,N,,,,,,,,,,,,,,
Jerri Dunkle,Josette R Betancourt,N,,,,,,,,,,,,,,
Jesus E Mclelland,Josiah R Gutierres,N,,,,,,,,,,,,,,
Jesus H Guillen,Josie Hofman,N,,,,,,,,,,,,,,
Jesus Tafolla,Judith D Gourdine,N,,,,,,,,,,,,,,
Jewel R Willhite,Judith Gourdine,N,,,,,,,,,,,,,,
Jillian Harry,Judson Y Hodson,N,,,,,,,,,,,,,,
Jim J Lurie,Jules Shugart,N,,,,,,,,,,,,,,
Jimmie A Rorie,Julio Bryce,N,,,,,,,,,,,,,,
Jimmie Esqueda,Julio Dockery,N,,,,,,,,,,,,,,
Jimmie F Vasquez,Julio P Bryce,N,,,,,,,,,,,,,,
Jimmy Canaday,Julio P Dockery,N,,,,,,,,,,,,,,
Joanie N Folkerts,Julius N Bakker,N,,,,,,,,,,,,,,
Joanna Deforest,Julius Q Stock,N,,,,,,,,,,,,,,
Joanna H Deforest,Junita Huhn,N,,,,,,,,,,,,,,
Joanna M Sandefur,Junita Y Huhn,N,,,,,,,,,,,,,,
Joannie E Wolters,Kaci Whitacre,N,,,,,,,,,,,,,,
Joaquin Vaz,Kacy Cairns,N,,,,,,,,,,,,,,
Jocelyn Q Scotti,Kali Kennamer,N,,,,,,,,,,,,,,
Jody K Rude,Kandis Owenby,N,,,,,,,,,,,,,,
Jody Slavens,Karie Renninger,N,,,,,,,,,,,,,,
Joel S Maine,Karima Metivier,N,,,,,,,,,,,,,,
Joesph Y Shrout,Karisa B Glidewell,N,,,,,,,,,,,,,,
Johnie Centers,Karisa Glidewell,N,,,,,,,,,,,,,,
Johnie V Centers,Karl O Langlinais,N,,,,,,,,,,,,,,
Jolanda L Dewees,Karlene L Mckean,N,,,,,,,,,,,,,,
Joleen H Chea,Kasi Blakeslee,N,,,,,,,,,,,,,,
Joline Frisby,Kassie Akers,N,,,,,,,,,,,,,,
Jong Borchers,Kassie Q Binder,N,,,,,,,,,,,,,,
Jong U Borchers,Kate O Paull,N,,,,,,,,,,,,,,
Jordan D Phu,Katelin F Coney,N,,,,,,,,,,,,,,
Jorge R Coghlan,Katheryn Holtzclaw,N,,,,,,,,,,,,,,
Jose P Tubbs,Katia Foran,N,,,,,,,,,,,,,,
Josette Betancourt,Katie N Kinnison,N,,,,,,,,,,,,,,
Josette R Betancourt,Kaye Tubbs,N,,,,,,,,,,,,,,
Josiah R Gutierres,Keenan W Spruell,N,,,,,,,,,,,,,,
Josie Hofman,Keila A Lucas,N,,,,,,,,,,,,,,
Judith D Gourdine,Keila F Lofland,N,,,,,,,,,,,,,,
Judith Gourdine,Keira Till,N,,,,,,,,,,,,,,
Judson Y Hodson,Keira Y Till,N,,,,,,,,,,,,,,
Jules Shugart,Keith B Macha,N,,,,,,,,,,,,,,
Julio Bryce,Keith E Moyes,N,,,,,,,,,,,,,,
Julio Dockery,Keith Q Ofarrell,N,,,,,,,,,,,,,,
Julio P Bryce,Keitha Foran,N,,,,,,,,,,,,,,
Julio P Dockery,Kellee L Gravelle,N,,,,,,,,,,,,,,
Julius N Bakker,Ken X Weisberg,N,,,,,,,,,,,,,,
Junita Huhn,Kendrick Burchette,N,,,,,,,,,,,,,,
Junita Y Huhn,Kendrick C Burchette,N,,,,,,,,,,,,,,
Kaci Whitacre,Kenneth Lucius,N,,,,,,,,,,,,,,
Kacy Cairns,Kenton Q Villalta,N,,,,,,,,,,,,,,
Kali Kennamer,Kenton Villalta,N,,,,,,,,,,,,,,
Kandis Owenby,Kermit L Mcphail,N,,,,,,,,,,,,,,
Karie Renninger,Kermit Mcphail,N,,,,,,,,,,,,,,
Karima Metivier,Kerri Y Card,N,,,,,,,,,,,,,,
Karisa B Glidewell,Keven A Jewell,N,,,,,,,,,,,,,,
Karisa Glidewell,Keven Bingham,N,,,,,,,,,,,,,,
Karl O Langlinais,Keven F Bingham,N,,,,,,,,,,,,,,
Karlene L Mckean,Keven H Araiza,N,,,,,,,,,,,,,,
Kasi Blakeslee,Khalilah A Campo,N,,,,,,,,,,,,,,
Kassie Akers,Kiara G Abrahamson,N,,,,,,,,,,,,,,
Kassie Q Binder,Kiara T Martinez,N,,,,,,,,,,,,,,
Kate O Paull,Kieth D Castelli,N,,,,,,,,,,,,,,
Katelin F Coney,Kieth G Coney,N,,,,,,,,,,,,,,
Katheryn Holtzclaw,Kimberlee J Hawkins,N,,,,,,,,,,,,,,
Katia Foran,Kimberly Duquette,N,,,,,,,,,,,,,,
Katie N Kinnison,Kimberly K Carr,N,,,,,,,,,,,,,,
Keenan W Spruell,Kindra V Cruickshank,N,,,,,,,,,,,,,,
Keila A Lucas,Kirby W Estrella,N,,,,,,,,,,,,,,
Keila F Lofland,Kirstie Macey,N,,,,,,,,,,,,,,
Keira Till,Kirstie W Macey,N,,,,,,,,,,,,,,
Keith B Macha,Kitty S Sickles,N,,,,,,,,,,,,,,
Keith E Moyes,Kizzy W Brazelton,N,,,,,,,,,,,,,,
Keith Q Ofarrell,Korey I Garrity,N,,,,,,,,,,,,,,
Keitha Foran,Korey U Eddington,N,,,,,,,,,,,,,,
Kellee L Gravelle,Kori J Fairfax,N,,,,,,,,,,,,,,
Kendrick Burchette,Kraig P Brownfield,N,,,,,,,,,,,,,,
Kenneth Lucius,Kris Bice,N,,,,,,,,,,,,,,
Kenton Villalta,Kris L Bice,N,,,,,,,,,,,,,,
Kermit L Mcphail,Krishna G Raby,N,,,,,,,,,,,,,,
Kermit Mcphail,Krissy S Valazquez,N,,,,,,,,,,,,,,
Kerri Y Card,Kristal F Bickford,N,,,,,,,,,,,,,,
Keven A Jewell,Kristen A Beauchemin,N,,,,,,,,,,,,,,
Keven Bingham,Kristie E Jain,N,,,,,,,,,,,,,,
Keven F Bingham,Kristle D Figgs,N,,,,,,,,,,,,,,
Keven H Araiza,Kristofer N Calahan,N,,,,,,,,,,,,,,
Khalilah A Campo,Kristofer Y Fizer,N,,,,,,,,,,,,,,
Kiara G Abrahamson,Kristopher Alejos,N,,,,,,,,,,,,,,
Kiara T Martinez,Kurtis C Irons,N,,,,,,,,,,,,,,
Kieth D Castelli,Kylie K Freda,N,,,,,,,,,,,,,,
Kieth G Coney,Lacy Deshotel,N,,,,,,,,,,,,,,
Kimberlee J Hawkins,Lacy Q Deshotel,N,,,,,,,,,,,,,,
Kimberly Duquette,Lakenya Z Mccroskey,N,,,,,,,,,,,,,,
Kimberly K Carr,Lala C Marquez,N,,,,,,,,,,,,,,
Kindra V Cruickshank,Lala R Denman,N,,,,,,,,,,,,,,
Kirby W Estrella,Lamar A Partida,N,,,,,,,,,,,,,,
Kirstie Macey,Lamar L Legg,N,,,,,,,,,,,,,,
Kirstie W Macey,Lamar W Estill,N,,,,,,,,,,,,,,
Kitty S Sickles,Lamont J Brescia,N,,,,,,,,,,,,,,
Kizzy W Brazelton,Lance Pennington,N,,,,,,,,,,,,,,
Korey I Garrity,Lanelle W Berlanga,N,,,,,,,,,,,,,,
Korey U Eddington,Larisa Still,N,,,,,,,,,,,,,,
Kori J Fairfax,Larisa X Strauss,N,,,,,,,,,,,,,,
Kraig P Brownfield,Larry K Mash,N,,,,,,,,,,,,,,
Kris Bice,Larry Osby,N,,,,,,,,,,,,,,
Kris L Bice,Lashaunda Y Munden,N,,,,,,,,,,,,,,
Krishna G Raby,Latanya C Law,N,,,,,,,,,,,,,,
Krissy S Valazquez,Latia Gleaton,N,,,,,,,,,,,,,,
Kristal F Bickford,Latrice Kirch,N,,,,,,,,,,,,,,
Kristen A Beauchemin,Launa N Kohl,N,,,,,,,,,,,,,,
Kristie E Jain,Lauren O Guzzi,N,,,,,,,,,,,,,,
Kristle D Figgs,Lauren R Hennessy,N,,,,,,,,,,,,,,
Kristofer N Calahan,Laurena P Caston,N,,,,,,,,,,,,,,
Kristofer Y Fizer,Laurence K Ryles,N,,,,,,,,,,,,,,
Kristopher Alejos,Laurinda Dinh,N,,,,,,,,,,,,,,
Kurtis C Irons,Lavada Maldanado,N,,,,,,,,,,,,,,
Lacy Deshotel,Lavada W Maldanado,N,,,,,,,,,,,,,,
Lacy Q Deshotel,Lavette P Cheney,N,,,,,,,,,,,,,,
Lakenya Z Mccroskey,Lawerence W Abernethy,N,,,,,,,,,,,,,,
Lala C Marquez,Leanna X Tibbetts,N,,,,,,,,,,,,,,
Lala R Denman,Leda X Haskell,N,,,,,,,,,,,,,,
Lamar A Partida,Leda Y Fabre,N,,,,,,,,,,,,,,
Lamar L Legg,Leif Harness,N,,,,,,,,,,,,,,
Lamar W Estill,Leif Y Harness,N,,,,,,,,,,,,,,
Lamont J Brescia,Leigh Y Haws,N,,,,,,,,,,,,,,
Lance Pennington,Leland C Fifield,N,,,,,,,,,,,,,,
Lanelle W Berlanga,Leland David,N,,,,,,,,,,,,,,
Larisa Still,Lemuel V Darden,N,,,,,,,,,,,,,,
Larisa X Strauss,Lemuel W Hardman,N,,,,,,,,,,,,,,
Larry Osby,Lenny U Rister,N,,,,,,,,,,,,,,
Lashaunda Y Munden,Leonel S Yuan,N,,,,,,,,,,,,,,
Latanya C Law,Leonia Y Derosier,N,,,,,,,,,,,,,,
Latia Gleaton,Leonore Reason,N,,,,,,,,,,,,,,
Latrice Kirch,Leopoldo U Hole,N,,,,,,,,,,,,,,
Launa N Kohl,Leroy H Styron,N,,,,,,,,,,,,,,
Lauren O Guzzi,Les Priolo,N,,,,,,,,,,,,,,
Lauren R Hennessy,Les V Bejarano,N,,,,,,,,,,,,,,
Laurence K Ryles,Les V Gran,N,,,,,,,,,,,,,,
Laurinda Dinh,Lesha K Cai,N,,,,,,,,,,,,,,
Lavada Maldanado,Lesley Macpherson,N,,,,,,,,,,,,,,
Lavada W Maldanado,Leslie I Stolte,N,,,,,,,,,,,,,,
Lavette P Cheney,Leslie Stolte,N,,,,,,,,,,,,,,
Lawerence W Abernethy,Lester Coldiron,N,,,,,,,,,,,,,,
Leanna X Tibbetts,Letha L Apel,N,,,,,,,,,,,,,,
Leda X Haskell,Leticia V Lewandowski,N,,,,,,,,,,,,,,
Leda Y Fabre,Lewis M Racette,N,,,,,,,,,,,,,,
Leif Harness,Lezlie Z Bohannan,N,,,,,,,,,,,,,,
Leif Y Harness,Lia J Liner,N,,,,,,,,,,,,,,
Leigh Y Haws,Lia Liner,N,,,,,,,,,,,,,,
Leland C Fifield,Liana T Quesenberry,N,,,,,,,,,,,,,,
Leland David,Liane U Grafton,N,,,,,,,,,,,,,,
Lemuel V Darden,Lianne M Sweeney,N,,,,,,,,,,,,,,
Lemuel W Hardman,Lianne Sweeney,N,,,,,,,,,,,,,,
Lenny U Rister,Liberty A Shroyer,N,,,,,,,,,,,,,,
Leonel S Yuan,Lidia Kuiper,N,,,,,,,,,,,,,,
Leonia Y Derosier,Lidia S Gerling,N,,,,,,,,,,,,,,
Leonore Reason,Ligia Hoeft,N,,,,,,,,,,,,,,
Leopoldo U Hole,Lilli Tartt,N,,,,,,,,,,,,,,
Leroy H Styron,Lincoln D Cauley,N,,,,,,,,,,,,,,
Les Priolo,Lincoln D Demaria,N,,,,,,,,,,,,,,
Les V Bejarano,Lincoln Demaria,N,,,,,,,,,,,,,,
Les V Gran,Lindsey W Whittle,N,,,,,,,,,,,,,,
Lesha K Cai,Lindy M Reel,N,,,,,,,,,,,,,,
Lesley Macpherson,Linette Q Menard,N,,,,,,,,,,,,,,
Leslie I Stolte,Linh U Ashton,N,,,,,,,,,,,,,,
Leslie Stolte,Linn Plummer,N,,,,,,,,,,,,,,
Lester Coldiron,Lino M Lizarraga,N,,,,,,,,,,,,,,
Letha L Apel,Linsey P Orsini,N,,,,,,,,,,,,,,
Leticia V Lewandowski,Linwood H Carter,N,,,,,,,,,,,,,,
Lewis M Racette,Linwood J Franqui,N,,,,,,,,,,,,,,
Lezlie Z Bohannan,Lisa C Sheridan,N,,,,,,,,,,,,,,
Lia J Liner,Lisette F Cowley,N,,,,,,,,,,,,,,
Lia Liner,Liz R Lomonaco,N,,,,,,,,,,,,,,
Liana T Quesenberry,Lizzette G Moyle,N,,,,,,,,,,,,,,
Liane U Grafton,Lizzette Moyle,N,,,,,,,,,,,,,,
Lianne M Sweeney,Lizzie D Ratcliff,N,,,,,,,,,,,,,,
Lianne Sweeney,Logan D Berryman,N,,,,,,,,,,,,,,
Liberty A Shroyer,Lois Cozad,N,,,,,,,,,,,,,,
Lidia Kuiper,Lona T Collar,N,,,,,,,,,,,,,,
Lidia S Gerling,Londa Petrey,N,,,,,,,,,,,,,,
Ligia Hoeft,Londa T Maya,N,,,,,,,,,,,,,,
Lilli Tartt,Loraine Barnes,N,,,,,,,,,,,,,,
Lincoln D Cauley,Loralee V Ball,N,,,,,,,,,,,,,,
Lincoln D Demaria,Loren H Mckenzie,N,,,,,,,,,,,,,,
Lincoln Demaria,Loren I Casady,N,,,,,,,,,,,,,,
Lindsey W Whittle,Loren Isaac,N,,,,,,,,,,,,,,
Lindy M Reel,Lorette Y Petrillo,N,,,,,,,,,,,,,,
Linette Q Menard,Lorri Garney,N,,,,,,,,,,,,,,
Linh U Ashton,Lorriane P Ho,N,,,,,,,,,,,,,,
Linn Plummer,Lottie Bonin,N,,,,,,,,,,,,,,
Lino M Lizarraga,Lottie G Bonin,N,,,,,,,,,,,,,,
Linsey P Orsini,Lou Baine,N,,,,,,,,,,,,,,
Linwood H Carter,Louann X Sakamoto,N,,,,,,,,,,,,,,
Linwood J Franqui,Love G Lent,N,,,,,,,,,,,,,,
Lisa C Sheridan,Lowell Demmer,N,,,,,,,,,,,,,,
Lisette F Cowley,Lucas Funes,N,,,,,,,,,,,,,,
Liz R Lomonaco,Lucas P Funes,N,,,,,,,,,,,,,,
Lizzette G Moyle,Luciana N Campfield,N,,,,,,,,,,,,,,
Lizzette Moyle,Lucienne U Clyne,N,,,,,,,,,,,,,,
Lizzie D Ratcliff,Lucinda Z Borton,N,,,,,,,,,,,,,,
Logan D Berryman,Lucius C Moorhead,N,,,,,,,,,,,,,,
Lois Cozad,Lucy Reiser,N,,,,,,,,,,,,,,
Lona T Collar,Luella W Kemmerer,N,,,,,,,,,,,,,,
Londa Petrey,Luigi G Lembo,N,,,,,,,,,,,,,,
Londa T Maya,Luke S Tumlin,N,,,,,,,,,,,,,,
Loraine Barnes,Lyla Donald,N,,,,,,,,,,,,,,
Loralee V Ball,Lyla Q Donald,N,,,,,,,,,,,,,,
Loren I Casady,Lyn Q Tso,N,,,,,,,,,,,,,,
Loren Isaac,Lyn Tso,N,,,,,,,,,,,,,,
Lorette Y Petrillo,Lyndon Dunkley,N,,,,,,,,,,,,,,
Lorri Garney,Lynn M Blocher,N,,,,,,,,,,,,,,
Lorriane P Ho,Lynwood Durfee,N,,,,,,,,,,,,,,
Lottie Bonin,Lynwood Q Durfee,N,,,,,,,,,,,,,,
Lottie G Bonin,Mac Lineberry,N,,,,,,,,,,,,,,
Lou Baine,Mac U Palmquist,N,,,,,,,,,,,,,,
Louann X Sakamoto,Mac V Lineberry,N,,,,,,,,,,,,,,
Love G Lent,Mack L Lykes,N,,,,,,,,,,,,,,
Lowell Demmer,Madalene J Martine,N,,,,,,,,,,,,,,
Lucas Funes,Madelyn W Boos,N,,,,,,,,,,,,,,
Lucas P Funes,Magaly Mcneel,N,,,,,,,,,,,,,,
Luciana N Campfield,Magaly U Mcneel,N,,,,,,,,,,,,,,
Lucienne U Clyne,Maire Mair,N,,,,,,,,,,,,,,
Lucinda Z Borton,Malcolm Y Bonaparte,N,,,,,,,,,,,,,,
Lucius C Moorhead,Malcom Darrah,N,,,,,,,,,,,,,,
Lucy Reiser,Malcom L Meister,N,,,,,,,,,,,,,,
Luella W Kemmerer,Man W Bean,N,,,,,,,,,,,,,,
Luigi G Lembo,Mandy Lavalley,N,,,,,,,,,,,,,,
Luke S Tumlin,Mandy W Lavalley,N,,,,,,,,,,,,,,
Lyla Donald,Marcell T Farias,N,,,,,,,,,,,,,,
Lyla Q Donald,Marcella Mapp,N,,,,,,,,,,,,,,
Lyn Q Tso,Marcella Z Mapp,N,,,,,,,,,,,,,,
Lyn Tso,Marcellus H Macintyre,N,,,,,,,,,,,,,,
Lyndon Dunkley,Marcellus Jalbert,N,,,,,,,,,,,,,,
Lynn M Blocher,Marco J Desilva,N,,,,,,,,,,,,,,
Lynwood Durfee,Marg Dunfee,N,,,,,,,,,,,,,,
Lynwood Q Durfee,Margarett E Mulford,N,,,,,,,,,,,,,,
Mac Lineberry,Margarite E Blalock,N,,,,,,,,,,,,,,
Mac U Palmquist,Margarito M Oxendine,N,,,,,,,,,,,,,,
Mac V Lineberry,Margarito O Retana,N,,,,,,,,,,,,,,
Madalene J Martine,Margarito Retana,N,,,,,,,,,,,,,,
Madelyn W Boos,Marget Dials,N,,,,,,,,,,,,,,
Magaly Mcneel,Margit E Gallion,N,,,,,,,,,,,,,,
Magaly U Mcneel,Margit Gallaher,N,,,,,,,,,,,,,,
Maire Mair,Margrett M Confer,N,,,,,,,,,,,,,,
Malcolm Y Bonaparte,Mariam F Pinheiro,N,,,,,,,,,,,,,,
Malcom Darrah,Mariano F Leary,N,,,,,,,,,,,,,,
Malcom L Meister,Mariano Y Kyles,N,,,,,,,,,,,,,,
Man W Bean,Maricela Pendergrass,N,,,,,,,,,,,,,,
Mandy Lavalley,Marina X Quayle,N,,,,,,,,,,,,,,
Mandy W Lavalley,Maris S Briggs,N,,,,,,,,,,,,,,
Marcell T Farias,Marissa S Hughes,N,,,,,,,,,,,,,,
Marcella Mapp,Marivel Seiter,N,,,,,,,,,,,,,,
Marcella Z Mapp,Mark F Hamman,N,,,,,,,,,,,,,,
Marcellus H Macintyre,Marketta Candelaria,N,,,,,,,,,,,,,,
Marcellus Jalbert,Markus J Lamm,N,,,,,,,,,,,,,,
Marco J Desilva,Marlana W Zak,N,,,,,,,,,,,,,,
Marg Dunfee,Marleen R Guyette,N,,,,,,,,,,,,,,
Margarett E Mulford,Marlon M Caddell,N,,,,,,,,,,,,,,
Margarite E Blalock,Marni O Otter,N,,,,,,,,,,,,,,
Margarito M Oxendine,Mary Y Tate,N,,,,,,,,,,,,,,
Margarito O Retana,Maryellen E Zackery,N,,,,,,,,,,,,,,
Margarito Retana,Maryellen H Hartness,N,,,,,,,,,,,,,,
Marget Dials,Maryjo Mccloy,N,,,,,,,,,,,,,,
Margit E Gallion,Maryln H Springfield,N,,,,,,,,,,,,,,
Margit Gallaher,Marylouise Howland,N,,,,,,,,,,,,,,
Margrett M Confer,Marylyn K Ditto,N,,,,,,,,,,,,,,
Mariam F Pinheiro,Marylynn Ealey,N,,,,,,,,,,,,,,
Mariano F Leary,Marylynn G Ealey,N,,,,,,,,,,,,,,
Mariano Y Kyles,Mason Shiflett,N,,,,,,,,,,,,,,
Maricela Pendergrass,Mathilda Monty,N,,,,,,,,,,,,,,
Marina X Quayle,Matt D Bramblett,N,,,,,,,,,,,,,,
Maris S Briggs,Mauricio I Streets,N,,,,,,,,,,,,,,
Marissa S Hughes,Mauricio U Talty,N,,,,,,,,,,,,,,
Marivel Seiter,Maximina K Frates,N,,,,,,,,,,,,,,
Mark F Hamman,Maxwell Azevedo,N,,,,,,,,,,,,,,
Marketta Candelaria,Maxwell H Azevedo,N,,,,,,,,,,,,,,
Markus J Lamm,Maybelle Rush,N,,,,,,,,,,,,,,
Marlana W Zak,Mckinley H Scofield,N,,,,,,,,,,,,,,
Marleen R Guyette,Meda I Hayner,N,,,,,,,,,,,,,,
Marlon M Caddell,Mei H Silvera,N,,,,,,,,,,,,,,
Marni O Otter,Melida R Corle,N,,,,,,,,,,,,,,
Mary Y Tate,Mellissa Hembree,N,,,,,,,,,,,,,,
Maryellen E Zackery,Mervin E Goering,N,,,,,,,,,,,,,,
Maryellen H Hartness,Mervin Goering,N,,,,,,,,,,,,,,
Maryjo Mccloy,Meryl B Jude,N,,,,,,,,,,,,,,
Maryln H Springfield,Meryl Gow,N,,,,,,,,,,,,,,
Marylouise Howland,Meryl I Nau,N,,,,,,,,,,,,,,
Marylyn K Ditto,Meryl Nau,N,,,,,,,,,,,,,,
Marylynn Ealey,Mica Z Herzberg,N,,,,,,,,,,,,,,
Marylynn G Ealey,Micaela N Buker,N,,,,,,,,,,,,,,
Mason Shiflett,Micheal F Mcleroy,N,,,,,,,,,,,,,,
Mathilda Monty,Mickey E Hentges,N,,,,,,,,,,,,,,
Matt D Bramblett,Mickey Hentges,N,,,,,,,,,,,,,,
Mauricio U Talty,Micki R Jauregui,N,,,,,,,,,,,,,,
Maxwell Azevedo,Mignon H Ballesteros,N,,,,,,,,,,,,,,
Maxwell H Azevedo,Mignon Q Dills,N,,,,,,,,,,,,,,
Maybelle Rush,Miguel P Karp,N,,,,,,,,,,,,,,
Mckinley H Scofield,Mika J Rodriquez,N,,,,,,,,,,,,,,
Meda I Hayner,Mika Rodriquez,N,,,,,,,,,,,,,,
Mei H Silvera,Mike A Waddington,N,,,,,,,,,,,,,,
Melida R Corle,Miles Lambert,N,,,,,,,,,,,,,,
Mellissa Hembree,Miles N Light,N,,,,,,,,,,,,,,
Mervin E Goering,Millicent G Mangan,N,,,,,,,,,,,,,,
Mervin Goering,Millicent Mangan,N,,,,,,,,,,,,,,
Meryl B Jude,Min X Buckmaster,N,,,,,,,,,,,,,,
Meryl Gow,Mina P Shotwell,N,,,,,,,,,,,,,,
Meryl I Nau,Mina Shotwell,N,,,,,,,,,,,,,,
Meryl Nau,Minta J Branham,N,,,,,,,,,,,,,,
Mica Z Herzberg,Mirian E Gorman,N,,,,,,,,,,,,,,
Micaela N Buker,Mirtha Herzig,N,,,,,,,,,,,,,,
Micheal F Mcleroy,Mirtha X Herzig,N,,,,,,,,,,,,,,
Mickey E Hentges,Misti H Mendenhall,N,,,,,,,,,,,,,,
Mickey Hentges,Misti Royal,N,,,,,,,,,,,,,,
Micki R Jauregui,Moises U Hughs,N,,,,,,,,,,,,,,
Mignon H Ballesteros,Molly U Rasch,N,,,,,,,,,,,,,,
Mignon Q Dills,Monte F Mcginn,N,,,,,,,,,,,,,,
Miguel P Karp,Monty C Hughes,N,,,,,,,,,,,,,,
Mika J Rodriquez,Morgan Carriere,N,,,,,,,,,,,,,,
Mika Rodriquez,Morgan K Rathbun,N,,,,,,,,,,,,,,
Mike A Waddington,Morgan Leonetti,N,,,,,,,,,,,,,,
Miles Lambert,Morgan O Carriere,N,,,,,,,,,,,,,,
Miles N Light,Morgan V Leonetti,N,,,,,,,,,,,,,,
Millicent G Mangan,Mose Brucker,N,,,,,,,,,,,,,,
Millicent Mangan,Mose O Brucker,N,,,,,,,,,,,,,,
Min X Buckmaster,Mumin Yusha,N,,,,,,,,,,,,,,
Mina P Shotwell,Murray D Pennock,N,,,,,,,,,,,,,,
Mina Shotwell,Myles G Strum,N,,,,,,,,,,,,,,
Minta J Branham,Myra H Parra,N,,,,,,,,,,,,,,
Mirian E Gorman,Myron Elsea,N,,,,,,,,,,,,,,
Mirtha Herzig,Myron V Elsea,N,,,,,,,,,,,,,,
Mirtha X Herzig,Nadia B Rosner,N,,,,,,,,,,,,,,
Misti H Mendenhall,Nancy V Trogdon,N,,,,,,,,,,,,,,
Misti Royal,Nannette Ressler,N,,,,,,,,,,,,,,
Moises U Hughs,Nannie Z Seeman,N,,,,,,,,,,,,,,
Molly U Rasch,Narcisa C Rayburn,N,,,,,,,,,,,,,,
Monte F Mcginn,Natasha L Mcelhannon,N,,,,,,,,,,,,,,
Monty C Hughes,Nathan Avendano,N,,,,,,,,,,,,,,
Morgan Carriere,Nathan V Avendano,N,,,,,,,,,,,,,,
Morgan K Rathbun,Nathanael G Mcmillin,N,,,,,,,,,,,,,,
Morgan Leonetti,Nathanael Halloway,N,,,,,,,,,,,,,,
Morgan O Carriere,Nathanael W Ohl,N,,,,,,,,,,,,,,
Morgan V Leonetti,Neil Gebhard,N,,,,,,,,,,,,,,
Mose Brucker,Neil V Gebhard,N,,,,,,,,,,,,,,
Mose O Brucker,Neil Z Stoughton,N,,,,,,,,,,,,,,
Mumin Yusha,Nelida E Cheeks,N,,,,,,,,,,,,,,
Murray D Pennock,Nella Mckeown,N,,,,,,,,,,,,,,
Myles G Strum,Nelson Dubuc,N,,,,,,,,,,,,,,
Myra H Parra,Nelson O Dubuc,N,,,,,,,,,,,,,,
Myron Elsea,Neomi P Pitchford,N,,,,,,,,,,,,,,
Myron V Elsea,Nestor T Ventura,N,,,,,,,,,,,,,,
Nadia B Rosner,Nettie T Mccandless,N,,,,,,,,,,,,,,
Nancy V Trogdon,Newton L Cromartie,N,,,,,,,,,,,,,,
Nannette Ressler,Newton V Scalia,N,,,,,,,,,,,,,,
Nannie Z Seeman,Ngoc P Pogue,N,,,,,,,,,,,,,,
Natasha L Mcelhannon,Ngoc X Watson,N,,,,,,,,,,,,,,
Nathan Avendano,Nicholas B Salcedo,N,,,,,,,,,,,,,,
Nathan V Avendano,Nick Q Packard,N,,,,,,,,,,,,,,
Nathanael G Mcmillin,Nickolas G Grossi,N,,,,,,,,,,,,,,
Nathanael Halloway,Nicola S Bellis,N,,,,,,,,,,,,,,
Nathanael W Ohl,Nicolle A Crothers,N,,,,,,,,,,,,,,
Neil Gebhard,Nigel K Wadsworth,N,,,,,,,,,,,,,,
Neil V Gebhard,Nigel O Sansom,N,,,,,,,,,,,,,,
Neil Z Stoughton,Nigel V Dupras,N,,,,,,,,,,,,,,
Nelida E Cheeks,Nikia Z Thrasher,N,,,,,,,,,,,,,,
Nella Mckeown,Nilsa Arambula,N,,,,,,,,,,,,,,
Nelson Dubuc,Noah O Love,N,,,,,,,,,,,,,,
Nelson O Dubuc,Noble Sanderson,N,,,,,,,,,,,,,,
Neomi P Pitchford,Noel Garon,N,,,,,,,,,,,,,,
Nestor T Ventura,Nolan V Velazco,N,,,,,,,,,,,,,,
Newton L Cromartie,Norris P Ewen,N,,,,,,,,,,,,,,
Newton V Scalia,Novella B Osman,N,,,,,,,,,,,,,,
Ngoc P Pogue,Novella Osman,N,,,,,,,,,,,,,,
Ngoc X Watson,Odette Gorden,N,,,,,,,,,,,,,,
Nicholas B Salcedo,Olevia U Cartier,N,,,,,,,,,,,,,,
Nick Q Packard,Oliver Mouzon,N,,,,,,,,,,,,,,
Nickolas G Grossi,Omer H Moultrie,N,,,,,,,,,,,,,,
Nicola S Bellis,Ona K Koepp,N,,,,,,,,,,,,,,
Nicolle A Crothers,Oren M Mcnabb,N,,,,,,,,,,,,,,
Nigel K Wadsworth,Oren Mcnabb,N,,,,,,,,,,,,,,
Nigel O Sansom,Orval N Pichardo,N,,,,,,,,,,,,,,
Nigel V Dupras,Orval Olinger,N,,,,,,,,,,,,,,
Nikia Z Thrasher,Orval Q Olinger,N,,,,,,,,,,,,,,
Nilsa Arambula,Orval Q Schlesinger,N,,,,,,,,,,,,,,
Noah O Love,Orville Marcantel,N,,,,,,,,,,,,,,
Noble Sanderson,Orville Massey,N,,,,,,,,,,,,,,
Noel Garon,Oscar R Bovee,N,,,,,,,,,,,,,,
Nolan V Velazco,Oswaldo Baumbach,N,,,,,,,,,,,,,,
Norris P Ewen,Otha Sylvester,N,,,,,,,,,,,,,,
Novella B Osman,Otha T Orrell,N,,,,,,,,,,,,,,
Novella Osman,Otto Reilly,N,,,,,,,,,,,,,,
Odette Gorden,Palmer O Beamer,N,,,,,,,,,,,,,,
Olevia U Cartier,Pansy Duchesne,N,,,,,,,,,,,,,,
Oliver Mouzon,Pansy F Duchesne,N,,,,,,,,,,,,,,
Omer H Moultrie,Paola R Timberlake,N,,,,,,,,,,,,,,
Ona K Koepp,Paris U Leite,N,,,,,,,,,,,,,,
Oren M Mcnabb,Patria D Riedel,N,,,,,,,,,,,,,,
Oren Mcnabb,Patrick H Gilleland,N,,,,,,,,,,,,,,
Orval N Pichardo,Patty Hosey,N,,,,,,,,,,,,,,
Orval Olinger,Paz J Hegwood,N,,,,,,,,,,,,,,
Orval Q Olinger,Perry E Huddleston,N,,,,,,,,,,,,,,
Orval Q Schlesinger,Perry Outland,N,,,,,,,,,,,,,,
Orville Marcantel,Pete B Donnelly,N,,,,,,,,,,,,,,
Orville Massey,Petrina B Dampier,N,,,,,,,,,,,,,,
Oscar R Bovee,Petrina Dampier,N,,,,,,,,,,,,,,
Oswaldo Baumbach,Phil Czarnecki,N,,,,,,,,,,,,,,
Otha Sylvester,Phil G Czarnecki,N,,,,,,,,,,,,,,
Otha T Orrell,Phil T Urena,N,,,,,,,,,,,,,,
Otto Reilly,Philip Trinidad,N,,,,,,,,,,,,,,
Palmer O Beamer,Philip X Trinidad,N,,,,,,,,,,,,,,
Pansy Duchesne,Phillip Crabill,N,,,,,,,,,,,,,,
Pansy F Duchesne,Phyllis Figueredo,N,,,,,,,,,,,,,,
Paola R Timberlake,Porfirio Houghton,N,,,,,,,,,,,,,,
Paris U Leite,Porsche Dearing,N,,,,,,,,,,,,,,
Patrick H Gilleland,Prince Maloof,N,,,,,,,,,,,,,,
Patty Hosey,Providencia Hennings,N,,,,,,,,,,,,,,
Paz J Hegwood,Queenie M Alder,N,,,,,,,,,,,,,,
Perry E Huddleston,Quinn Linneman,N,,,,,,,,,,,,,,
Perry Outland,Rachelle M Burkhead,N,,,,,,,,,,,,,,
Pete B Donnelly,Rafaela Madrid,N,,,,,,,,,,,,,,
Petrina B Dampier,Rafaela N Madrid,N,,,,,,,,,,,,,,
Petrina Dampier,Raguel Yeager,N,,,,,,,,,,,,,,
Phil Czarnecki,Ramon Heldt,N,,,,,,,,,,,,,,
Phil G Czarnecki,Ramona V Hemphill,N,,,,,,,,,,,,,,
Phil T Urena,Ramona W Rand,N,,,,,,,,,,,,,,
Philip Trinidad,Ramonita Z Fincher,N,,,,,,,,,,,,,,
Philip X Trinidad,Randal J Kahle,N,,,,,,,,,,,,,,
Phillip Crabill,Randal Kahle,N,,,,,,,,,,,,,,
Phyllis Figueredo,Randee O Cassity,N,,,,,,,,,,,,,,
Porfirio Houghton,Randee X Blunt,N,,,,,,,,,,,,,,
Porsche Dearing,Raphael W Kellner,N,,,,,,,,,,,,,,
Prince Maloof,Rashida M Durante,N,,,,,,,,,,,,,,
Providencia Hennings,Raye T Willmon,N,,,,,,,,,,,,,,
Queenie M Alder,Raymon I Chavarria,N,,,,,,,,,,,,,,
Quinn Linneman,Raymond U Flavin,N,,,,,,,,,,,,,,
Rachelle M Burkhead,Raymundo Pecora,N,,,,,,,,,,,,,,
Rafaela Madrid,Reagan H Costas,N,,,,,,,,,,,,,,
Rafaela N Madrid,Reanna I Hampton,N,,,,,,,,,,,,,,
Raguel Yeager,Reatha E Osby,N,,,,,,,,,,,,,,
Ramon Heldt,Rebeca Kromer,N,,,,,,,,,,,,,,
Ramona V Hemphill,Reed O Vella,N,,,,,,,,,,,,,,
Ramona W Rand,Reed Vella,N,,,,,,,,,,,,,,
Ramonita Z Fincher,Reggie Cramer,N,,,,,,,,,,,,,,
Randal J Kahle,Reinaldo Castellanos,N,,,,,,,,,,,,,,
Randal Kahle,Reinaldo G Castellanos,N,,,,,,,,,,,,,,
Randee O Cassity,Renaldo K Cheatham,N,,,,,,,,,,,,,,
Randee X Blunt,Rene Morel,N,,,,,,,,,,,,,,
Raphael W Kellner,Ressie Goodwyn,N,,,,,,,,,,,,,,
Rashida M Durante,Ressie I Goodwyn,N,,,,,,,,,,,,,,
Raye T Willmon,Retha G Nealy,N,,,,,,,,,,,,,,
Raymon I Chavarria,Rex K Dion,N,,,,,,,,,,,,,,
Raymond U Flavin,Reyes X Segal,N,,,,,,,,,,,,,,
Raymundo Pecora,Reynalda M Millwood,N,,,,,,,,,,,,,,
Reagan H Costas,Reynaldo S Service,N,,,,,,,,,,,,,,
Reanna I Hampton,Rhett A Chapple,N,,,,,,,,,,,,,,
Reatha E Osby,Rhett H Goode,N,,,,,,,,,,,,,,
Rebeca Kromer,Rich Cleek,N,,,,,,,,,,,,,,
Reed O Vella,Rich Q Rehberg,N,,,,,,,,,,,,,,
Reed Vella,Rich Rehberg,N,,,,,,,,,,,,,,
Reggie Cramer,Richard C Truman,N,,,,,,,,,,,,,,
Reinaldo Castellanos,Richard J Fetter,N,,,,,,,,,,,,,,
Rene Morel,Richelle Haffner,N,,,,,,,,,,,,,,
Ressie Goodwyn,Richie I Weisz,N,,,,,,,,,,,,,,
Ressie I Goodwyn,Rick E Armenta,N,,,,,,,,,,,,,,
Retha G Nealy,Rick Y Haefner,N,,,,,,,,,,,,,,
Rex K Dion,Rickey I Delk,N,,,,,,,,,,,,,,
Reyes X Segal,Rina L Chacon,N,,,,,,,,,,,,,,
Reynalda M Millwood,Rob Spier,N,,,,,,,,,,,,,,
Reynaldo S Service,Robbie N Heckman,N,,,,,,,,,,,,,,
Rhett A Chapple,Robert Ancheta,N,,,,,,,,,,,,,,
Rhett H Goode,Robert C Ancheta,N,,,,,,,,,,,,,,
Rich Cleek,Robert F Trudeau,N,,,,,,,,,,,,,,
Rich Q Rehberg,Robert Winsor,N,,,,,,,,,,,,,,
Rich Rehberg,Roberto A Fresquez,N,,,,,,,,,,,,,,
Richard C Truman,Roberto U Derry,N,,,,,,,,,,,,,,
Richard J Fetter,Robin Z Stewart,N,,,,,,,,,,,,,,
Richelle Haffner,Rod Catania,N,,,,,,,,,,,,,,
Richie I Weisz,Rodney Leonardo,N,,,,,,,,,,,,,,
Rick E Armenta,Rogelio Finnerty,N,,,,,,,,,,,,,,
Rick Y Haefner,Rogelio Ledezma,N,,,,,,,,,,,,,,
Rickey I Delk,Rolando Womble,N,,,,,,,,,,,,,,
Rina L Chacon,Ronnie E Swim,N,,,,,,,,,,,,,,
Rob Spier,Ronnie G Gumbs,N,,,,,,,,,,,,,,
Robbie N Heckman,Ronnie H Upton,N,,,,,,,,,,,,,,
Robert Ancheta,Ronnie Upton,N,,,,,,,,,,,,,,
Robert C Ancheta,Rory Syed,N,,,,,,,,,,,,,,
Robert F Trudeau,Rosa Iler,N,,,,,,,,,,,,,,
Robert Winsor,Rosaline H Brenneman,N,,,,,,,,,,,,,,
Roberto A Fresquez,Rosalva G Shepley,N,,,,,,,,,,,,,,
Roberto U Derry,Rosanna D Standley,N,,,,,,,,,,,,,,
Robin Z Stewart,Roscoe Tunney,N,,,,,,,,,,,,,,
Rod Catania,Roselia F Britton,N,,,,,,,,,,,,,,
Rodney Leonardo,Rosella E Marron,N,,,,,,,,,,,,,,
Rogelio Finnerty,Rosemarie K Fellows,N,,,,,,,,,,,,,,
Rogelio Ledezma,Rosetta Messerly,N,,,,,,,,,,,,,,
Rolando Womble,Rosette F Cascio,N,,,,,,,,,,,,,,
Ronnie E Swim,Rosina Gonsalves,N,,,,,,,,,,,,,,
Ronnie G Gumbs,Ross Imai,N,,,,,,,,,,,,,,
Ronnie H Upton,Rosy U Baumeister,N,,,,,,,,,,,,,,
Ronnie Upton,Roy W Wilkie,N,,,,,,,,,,,,,,
Rory Syed,Royal U Okeefe,N,,,,,,,,,,,,,,
Rosa Iler,Royce K Goodwyn,N,,,,,,,,,,,,,,
Rosaline H Brenneman,Rozanne N Mielke,N,,,,,,,,,,,,,,
Rosalva G Shepley,Rubin Confer,N,,,,,,,,,,,,,,
Rosanna D Standley,Rubin E Confer,N,,,,,,,,,,,,,,
Roscoe Tunney,Ruby B Hare,N,,,,,,,,,,,,,,
Roselia F Britton,Rueben X Pidgeon,N,,,,,,,,,,,,,,
Rosella E Marron,Rufus F Furlong,N,,,,,,,,,,,,,,
Rosemarie K Fellows,Rufus Neufeld,N,,,,,,,,,,,,,,
Rosetta Messerly,Russ I Teed,N,,,,,,,,,,,,,,
Rosette F Cascio,Russ U Belliveau,N,,,,,,,,,,,,,,
Rosina Gonsalves,Russel Baumer,N,,,,,,,,,,,,,,
Ross Imai,Rusty Bibby,N,,,,,,,,,,,,,,
Rosy U Baumeister,Sal C Heiden,N,,,,,,,,,,,,,,
Roy W Wilkie,Salena I Santillan,N,,,,,,,,,,,,,,
Royal U Okeefe,Salena Santillan,N,,,,,,,,,,,,,,
Royce K Goodwyn,Salvatore J Lindell,N,,,,,,,,,,,,,,
Rozanne N Mielke,Sam C Limones,N,,,,,,,,,,,,,,
Rubin Confer,Sam E Lacey,N,,,,,,,,,,,,,,
Rubin E Confer,Samantha V Lucky,N,,,,,,,,,,,,,,
Ruby B Hare,Sammy C Holtzclaw,N,,,,,,,,,,,,,,
Rueben X Pidgeon,Samuel Dart,N,,,,,,,,,,,,,,
Rufus F Furlong,Sanford Knee,N,,,,,,,,,,,,,,
Rufus Neufeld,Sarita P Schubert,N,,,,,,,,,,,,,,
Russ I Teed,Scott D Torrey,N,,,,,,,,,,,,,,
Russ U Belliveau,Scott K Ricco,N,,,,,,,,,,,,,,
Russel Baumer,Selma Abram,N,,,,,,,,,,,,,,
Rusty Bibby,Sena U Delrosario,N,,,,,,,,,,,,,,
Sal C Heiden,Serina Lingle,N,,,,,,,,,,,,,,
Salena I Santillan,Seth N Lipsky,N,,,,,,,,,,,,,,
Salena Santillan,Seth Willilams,N,,,,,,,,,,,,,,
Salvatore J Lindell,Shanelle Z Hick,N,,,,,,,,,,,,,,
Sam C Limones,Shannon J Force,N,,,,,,,,,,,,,,
Sam E Lacey,Shanti F Quirion,N,,,,,,,,,,,,,,
Samantha V Lucky,Shanti P Brinegar,N,,,,,,,,,,,,,,
Sammy C Holtzclaw,Shanti Quirion,N,,,,,,,,,,,,,,
Samuel Dart,Shara Millsap,N,,,,,,,,,,,,,,
Sanford Knee,Sharda W Choudhury,N,,,,,,,,,,,,,,
Sarita P Schubert,Sharita Y Lombardi,N,,,,,,,,,,,,,,
Scott K Ricco,Sharlene Klein,N,,,,,,,,,,,,,,
Selma Abram,Sharonda Janzen,N,,,,,,,,,,,,,,
Sena U Delrosario,Sharri Z Gormley,N,,,,,,,,,,,,,,
Serina Lingle,Sharyl Y Torian,N,,,,,,,,,,,,,,
Seth N Lipsky,Shasta F Bay,N,,,,,,,,,,,,,,
Seth Willilams,Shasta P Depuy,N,,,,,,,,,,,,,,
Shanelle Z Hick,Shavon K Wescott,N,,,,,,,,,,,,,,
Shannon J Force,Shavonne B Boylan,N,,,,,,,,,,,,,,
Shanti F Quirion,Shavonne Henkle,N,,,,,,,,,,,,,,
Shanti P Brinegar,Shawanda Ostlund,N,,,,,,,,,,,,,,
Shanti Quirion,Shayne T Claytor,N,,,,,,,,,,,,,,
Shara Millsap,Sheila F Bergman,N,,,,,,,,,,,,,,
Sharda W Choudhury,Shemika D Porterfield,N,,,,,,,,,,,,,,
Sharita Y Lombardi,Sherise Bledsoe,N,,,,,,,,,,,,,,
Sharlene Klein,Sherise C Bledsoe,N,,,,,,,,,,,,,,
Sharonda Janzen,Sherlene E Mcdaniel,N,,,,,,,,,,,,,,
Sharri Z Gormley,Sherryl B Raker,N,,,,,,,,,,,,,,
Sharyl Y Torian,Sherryl Raker,N,,,,,,,,,,,,,,
Shasta F Bay,Sherwood K Shire,N,,,,,,,,,,,,,,
Shasta P Depuy,Sheryll X Broadbent,N,,,,,,,,,,,,,,
Shavon K Wescott,Shirl M Caraballo,N,,,,,,,,,,,,,,
Shavonne B Boylan,Shirley H Mettler,N,,,,,,,,,,,,,,
Shavonne Henkle,Sidney D Amore,N,,,,,,,,,,,,,,
Shawanda Ostlund,Silas J Wojcik,N,,,,,,,,,,,,,,
Shayne T Claytor,Silas S Pyatt,N,,,,,,,,,,,,,,
Sheila F Bergman,Silvana V Hendrix,N,,,,,,,,,,,,,,
Shemika D Porterfield,Simon G Cromwell,N,,,,,,,,,,,,,,
Sherise Bledsoe,Sixta H Jo,N,,,,,,,,,,,,,,
Sherise C Bledsoe,Sixta Jo,N,,,,,,,,,,,,,,
Sherlene E Mcdaniel,Sol Coffman,N,,,,,,,,,,,,,,
Sherryl B Raker,Sol K Roger,N,,,,,,,,,,,,,,
Sherryl Raker,Solange Landaverde,N,,,,,,,,,,,,,,
Sherwood K Shire,Son D Ricketts,N,,,,,,,,,,,,,,
Shirl M Caraballo,Sonny Najar,N,,,,,,,,,,,,,,
Shirley H Mettler,Sophia F Knecht,N,,,,,,,,,,,,,,
Sidney D Amore,Stacey H Galante,N,,,,,,,,,,,,,,
Silas J Wojcik,Stacy B Kennell,N,,,,,,,,,,,,,,
Silas S Pyatt,Stan I Folks,N,,,,,,,,,,,,,,
Silvana V Hendrix,Stan S Watt,N,,,,,,,,,,,,,,
Simon G Cromwell,Stanley Caudill,N,,,,,,,,,,,,,,
Sixta H Jo,Stanley F Casillas,N,,,,,,,,,,,,,,
Sixta Jo,Stanton Y Cavallaro,N,,,,,,,,,,,,,,
Sol Coffman,Stasia L Daley,N,,,,,,,,,,,,,,
Sol K Roger,Stefanie P Rose,N,,,,,,,,,,,,,,
Solange Landaverde,Stephan Q Ranger,N,,,,,,,,,,,,,,
Son D Ricketts,Stephnie Millman,N,,,,,,,,,,,,,,
Sonny Najar,Steve S Everette,N,,,,,,,,,,,,,,
Sophia F Knecht,Steven B Daigneault,N,,,,,,,,,,,,,,
Stacey H Galante,Steven Daigneault,N,,,,,,,,,,,,,,
Stacy B Kennell,Stewart Mazurek,N,,,,,,,,,,,,,,
Stan I Folks,Stuart Fullwood,N,,,,,,,,,,,,,,
Stan S Watt,Suellen Eoff,N,,,,,,,,,,,,,,
Stanley Caudill,Sunshine F Earle,N,,,,,,,,,,,,,,
Stanley F Casillas,Susan Barra,N,,,,,,,,,,,,,,
Stanton Y Cavallaro,Susana H Hooks,N,,,,,,,,,,,,,,
Stasia L Daley,Susana Hooks,N,,,,,,,,,,,,,,
Stefanie P Rose,Susann A Faucett,N,,,,,,,,,,,,,,
Stephnie Millman,Suzette F Lovejoy,N,,,,,,,,,,,,,,
Steve S Everette,Suzette Lovejoy,N,,,,,,,,,,,,,,
Steven B Daigneault,Sydney Trosper,N,,,,,,,,,,,,,,
Steven Daigneault,Sylvester Harmer,N,,,,,,,,,,,,,,
Stuart Fullwood,Sylvester M Harmer,N,,,,,,,,,,,,,,
Suellen Eoff,Sylvester Z Blackledge,N,,,,,,,,,,,,,,
Sunshine F Earle,Tad Laster,N,,,,,,,,,,,,,,
Susan Barra,Tad Portillo,N,,,,,,,,,,,,,,
Susana Hooks,Tad V Laster,N,,,,,,,,,,,,,,
Susann A Faucett,Talisha F Nicklas,N,,,,,,,,,,,,,,
Suzette F Lovejoy,Tamera Balser,N,,,,,,,,,,,,,,
Suzette Lovejoy,Tamesha I Knepper,N,,,,,,,,,,,,,,
Sydney Trosper,Tamica J Holoman,N,,,,,,,,,,,,,,
Sylvester Harmer,Tammi S Garret,N,,,,,,,,,,,,,,
Sylvester M Harmer,Tammy Staples,N,,,,,,,,,,,,,,
Sylvester Z Blackledge,Tammy Z Lorentz,N,,,,,,,,,,,,,,
Tad Laster,Taneka Q Church,N,,,,,,,,,,,,,,
Tad Portillo,Tanner Y Hollenbeck,N,,,,,,,,,,,,,,
Tad V Laster,Tawanda E Buchanon,N,,,,,,,,,,,,,,
Talisha F Nicklas,Taylor O Thill,N,,,,,,,,,,,,,,
Tamera Balser,Taylor Thill,N,,,,,,,,,,,,,,
Tamesha I Knepper,Tayna L Covarrubias,N,,,,,,,,,,,,,,
Tamica J Holoman,Teddy Kleinschmidt,N,,,,,,,,,,,,,,
Tammi S Garret,Tempie Peralta,N,,,,,,,,,,,,,,
Tammy Staples,Terra D Routh,N,,,,,,,,,,,,,,
Tammy Z Lorentz,Terra Routh,N,,,,,,,,,,,,,,
Tanner Y Hollenbeck,Terrance E Schiefelbein,N,,,,,,,,,,,,,,
Tawanda E Buchanon,Terrell J Leader,N,,,,,,,,,,,,,,
Taylor O Thill,Terrell Leader,N,,,,,,,,,,,,,,
Tayna L Covarrubias,Theda Timothy,N,,,,,,,,,,,,,,
Teddy Kleinschmidt,Theresa Fitzmaurice,N,,,,,,,,,,,,,,
Tempie Peralta,Theresa R Fitzmaurice,N,,,,,,,,,,,,,,
Terra D Routh,Therese Q Belden,N,,,,,,,,,,,,,,
Terra Routh,Theron T Kramer,N,,,,,,,,,,,,,,
Terrance E Schiefelbein,Thomas B Felipe,N,,,,,,,,,,,,,,
Terrell J Leader,Thomas H Huang,N,,,,,,,,,,,,,,
Terrell Leader,Thora Vanhook,N,,,,,,,,,,,,,,
Theda Timothy,Thurman T Caceres,N,,,,,,,,,,,,,,
Theresa Fitzmaurice,Tiffaney A Schoenberg,N,,,,,,,,,,,,,,
Theresa R Fitzmaurice,Tiffaney Schoenberg,N,,,,,,,,,,,,,,
Theron T Kramer,Tim N Schueller,N,,,,,,,,,,,,,,
Thomas B Felipe,Tim U Kornegay,N,,,,,,,,,,,,,,
Thomas H Huang,Timmy I Poteat,N,,,,,,,,,,,,,,
Thora Vanhook,Timmy Kitchens,N,,,,,,,,,,,,,,
Thurman T Caceres,Tinisha V Vince,N,,,,,,,,,,,,,,
Tiffaney A Schoenberg,Tiny Llanos,N,,,,,,,,,,,,,,
Tiffaney Schoenberg,Tiny Q Llanos,N,,,,,,,,,,,,,,
Tim N Schueller,Tiny Z Oliveri,N,,,,,,,,,,,,,,
Tim U Kornegay,Titus Eide,N,,,,,,,,,,,,,,
Timmy I Poteat,Toby Riles,N,,,,,,,,,,,,,,
Timmy Kitchens,Tod Rene,N,,,,,,,,,,,,,,
Tinisha V Vince,Toi F Stallard,N,,,,,,,,,,,,,,
Tiny Llanos,Tomas V Krout,N,,,,,,,,,,,,,,
Tiny Z Oliveri,Tommie S Fargo,N,,,,,,,,,,,,,,
Titus Eide,Tommy I Meadows,N,,,,,,,,,,,,,,
Toby Riles,Tona S Huseby,N,,,,,,,,,,,,,,
Tod Rene,Toney Buffum,N,,,,,,,,,,,,,,
Toi F Stallard,Toney O Gentle,N,,,,,,,,,,,,,,
Tomas V Krout,Toney W Bollman,N,,,,,,,,,,,,,,
Tommie S Fargo,Tonia Silvis,N,,,,,,,,,,,,,,
Tommy I Meadows,Tonia X Silvis,N,,,,,,,,,,,,,,
Tona S Huseby,Tonja E Lenahan,N,,,,,,,,,,,,,,
Toney Buffum,Tonja Lenahan,N,,,,,,,,,,,,,,
Toney O Gentle,Tony E Keough,N,,,,,,,,,,,,,,
Tonia Silvis,Tony Keough,N,,,,,,,,,,,,,,
Tonia X Silvis,Towanda H Matson,N,,,,,,,,,,,,,,
Tonja E Lenahan,Toya B Rawlins,N,,,,,,,,,,,,,,
Tonja Lenahan,Tracey Lapinski,N,,,,,,,,,,,,,,
Tony E Keough,Tracie J Winebarger,N,,,,,,,,,,,,,,
Tony Keough,Trent J Lockman,N,,,,,,,,,,,,,,
Towanda H Matson,Tressa Q Standard,N,,,,,,,,,,,,,,
Tracey Lapinski,Tressa Standard,N,,,,,,,,,,,,,,
Tracie J Winebarger,Trey Kaiser,N,,,,,,,,,,,,,,
Trent J Lockman,Tristan L Cockrell,N,,,,,,,,,,,,,,
Tressa Q Standard,Tristan M Brackett,N,,,,,,,,,,,,,,
Tressa Standard,Troy J Higbee,N,,,,,,,,,,,,,,
Trey Kaiser,Troy Michalski,N,,,,,,,,,,,,,,
Tristan L Cockrell,Tuan L Rhymes,N,,,,,,,,,,,,,,
Tristan M Brackett,Tyler D Galindo,N,,,,,,,,,,,,,,
Troy J Higbee,Tyler Galindo,N,,,,,,,,,,,,,,
Troy Michalski,Tyler N Larkins,N,,,,,,,,,,,,,,
Tuan L Rhymes,Tyree W Linden,N,,,,,,,,,,,,,,
Tyler D Galindo,Tyrell R Bramlett,N,,,,,,,,,,,,,,
Tyler Galindo,Tyson High,N,,,,,,,,,,,,,,
Tyler N Larkins,Ula W Hartl,N,,,,,,,,,,,,,,
Tyree W Linden,Ulysses S Abate,N,,,,,,,,,,,,,,
Tyrell R Bramlett,Un Zebrowski,N,,,,,,,,,,,,,,
Tyson High,Ute Outen,N,,,,,,,,,,,,,,
Ula W Hartl,Valarie O Gorecki,N,,,,,,,,,,,,,,
Ulysses S Abate,Valencia M Cuffee,N,,,,,,,,,,,,,,
Un Zebrowski,Valene R Yost,N,,,,,,,,,,,,,,
Ute Outen,Valene Yost,N,,,,,,,,,,,,,,
Valarie O Gorecki,Valene Z Woodmansee,N,,,,,,,,,,,,,,
Valencia M Cuffee,Valentin Escoto,N,,,,,,,,,,,,,,
Valene R Yost,Valentin T Dearborn,N,,,,,,,,,,,,,,
Valene Yost,Valentine Gibbon,N,,,,,,,,,,,,,,
Valentin Escoto,Valeria Fang,N,,,,,,,,,,,,,,
Valentin T Dearborn,Van E Broadbent,N,,,,,,,,,,,,,,
Valentine Gibbon,Van T Dotson,N,,,,,,,,,,,,,,
Valeria Fang,Vance Kuss,N,,,,,,,,,,,,,,
Van E Broadbent,Vasiliki E Thoman,N,,,,,,,,,,,,,,
Van T Dotson,Vasiliki Thoman,N,,,,,,,,,,,,,,
Vance Kuss,Vaughn Garica,N,,,,,,,,,,,,,,
Vasiliki E Thoman,Vaughn N Garica,N,,,,,,,,,,,,,,
Vasiliki Thoman,Velda V Larue,N,,,,,,,,,,,,,,
Vaughn N Garica,Verla H Contreras,N,,,,,,,,,,,,,,
Velda V Larue,Vern T Lomeli,N,,,,,,,,,,,,,,
Verla H Contreras,Vernell X Amado,N,,,,,,,,,,,,,,
Vern T Lomeli,Verona H Brobst,N,,,,,,,,,,,,,,
Verona H Brobst,Veronica I Mower,N,,,,,,,,,,,,,,
Veronica I Mower,Vicki V Broussard,N,,,,,,,,,,,,,,
Vicki V Broussard,Vicki Y Hargrave,N,,,,,,,,,,,,,,
Vicki Y Hargrave,Victor Helmuth,N,,,,,,,,,,,,,,
Victor Helmuth,Victoria H Musson,N,,,,,,,,,,,,,,
Victoria H Musson,Vikki N Lezama,N,,,,,,,,,,,,,,
Vikki N Lezama,Vincent N Lennon,N,,,,,,,,,,,,,,
Vincent N Lennon,Vincenzo Rentschler,N,,,,,,,,,,,,,,
Vincenzo Rentschler,Vinita E Chamber,N,,,,,,,,,,,,,,
Vinita E Chamber,Violet L Ertel,N,,,,,,,,,,,,,,
Violet L Ertel,Virgil R Yuen,N,,,,,,,,,,,,,,
Virgil R Yuen,Vivienne X Binion,N,,,,,,,,,,,,,,
Vivienne X Binion,Voncile P Trojanowski,N,,,,,,,,,,,,,,
Voncile P Trojanowski,Vonda U Mckinnis,N,,,,,,,,,,,,,,
Vonda U Mckinnis,Waldo Witmer,N,,,,,,,,,,,,,,
Waldo Witmer,Walter B Mcmorrow,N,,,,,,,,,,,,,,
Walter B Mcmorrow,Walter H Hargreaves,N,,,,,,,,,,,,,,
Walter H Hargreaves,Walter R Seddon,N,,,,,,,,,,,,,,
Walter R Seddon,Walton S Keim,N,,,,,,,,,,,,,,
Walton U Kapoor,Walton U Kapoor,Y,Walton U Kapoor,,,,,,,,,,,,,
Warner I Manly,Warner I Manly,Y,Warner I Manly,,,,,,,,,,,,,
Warren L Manion,Warren L Manion,Y,Warren L Manion,,,,,,,,,,,,,
Waylon Z Curtsinger,Waylon Z Curtsinger,Y,Waylon Z Curtsinger,,,,,,,,,,,,,
Wendolyn Riddle,Wendolyn Riddle,Y,Wendolyn Riddle,,,,,,,,,,,,,
Whitney N Wasinger,Whitney N Wasinger,Y,Whitney N Wasinger,,,,,,,,,,,,,
Wiley U Maske,Wiley U Maske,Y,Wiley U Maske,,,,,,,,,,,,,
Wilfred Honore,Wilfred Honore,Y,Wilfred Honore,,,,,,,,,,,,,
Wilhelmina Y Keaney,Wilhelmina Y Keaney,Y,Wilhelmina Y Keaney,,,,,,,,,,,,,
Willia Vath,Willia Vath,Y,Willia Vath,,,,,,,,,,,,,
William B Mcnerney,William B Mcnerney,Y,William B Mcnerney,,,,,,,,,,,,,
Williams Timko,Williams Timko,Y,Williams Timko,,,,,,,,,,,,,
Willian Zeringue,Willian Zeringue,Y,Willian Zeringue,,,,,,,,,,,,,
Willis D Weissman,Willis D Weissman,Y,Willis D Weissman,,,,,,,,,,,,,
Wilton Florence,Wilton Florence,Y,Wilton Florence,,,,,,,,,,,,,
Windy A Dudek,Windy A Dudek,Y,Windy A Dudek,,,,,,,,,,,,,
Windy Dudek,Windy Dudek,Y,Windy Dudek,,,,,,,,,,,,,
Windy Pharr,Windy Pharr,Y,Windy Pharr,,,,,,,,,,,,,
Windy S Pharr,Windy S Pharr,Y,Windy S Pharr,,,,,,,,,,,,,
Windy Valadez,Windy Valadez,Y,Windy Valadez,,,,,,,,,,,,,
Winona Slape,Winona Slape,Y,Winona Slape,,,,,,,,,,,,,
Wm S Goldschmidt,Wm S Goldschmidt,Y,Wm S Goldschmidt,,,,,,,,,,,,, 
Xochitl Hogan,Xochitl Hogan,Y,Xochitl Hogan,,,,,,,,,,,,,
Xochitl Luse,Xochitl Luse,Y,Xochitl Luse,,,,,,,,,,,,,
Yong Ramsey,Yong Ramsey,Y,Yong Ramsey,,,,,,,,,,,,,
Young Rueb,Young Rueb,Y,Young Rueb,,,,,,,,,,,,,
Young W Funes,Young W Funes,Y,Young W Funes,,,,,,,,,,,,,
Yung G Booher,Yung G Booher,Y,Yung G Booher,,,,,,,,,,,,,
Yvone Seay,Yvone Seay,Y,Yvone Seay,,,,,,,,,,,,,
Zachary Haugland,Zachary Haugland,Y,Zachary Haugland,,,,,,,,,,,,,
Zachary S Velasquez,Zachary S Velasquez,Y,Zachary S Velasquez,,,,,,,,,,,,,
Zachary U Breeden,Zachary U Breeden,Y,Zachary U Breeden,,,,,,,,,,,,,
Zachary Velasquez,Zachary Velasquez,Y,Zachary Velasquez,,,,,,,,,,,,,
Zachery Barna,Zachery Barna,Y,Zachery Barna,,,,,,,,,,,,,
Zack H Mumaw,Zack H Mumaw,Y,Zack H Mumaw,,,,,,,,,,,,,
Zackary G Parkins,Zackary G Parkins,Y,Zackary G Parkins,,,,,,,,,,,,,
Zana G Ordonez,Zana G Ordonez,Y,Zana G Ordonez,,,,,,,,,,,,,
Zane J Hurdle,Zane J Hurdle,Y,Zane J Hurdle,,,,,,,,,,,,,
Zella Renn,Zella Renn,Y,Zella Renn,,,,,,,,,,,,,
Zenia D Owings,Zenia D Owings,Y,Zenia D Owings,,,,,,,,,,,,,
Zoila X Nair,Zoila X Nair,Y,Zoila X Nair,,,,,,,,,,,,,
